a2^(1/2) [MeV],a4 [dimensionless],B^(1/4) [MeV],rho_surface [10^15 g ⋅ cm^-3],cs_min [dimensionless],rho_center_max [10^15 g ⋅ cm^-3],M_max [solar mass],cs_max [dimensionless],rho_center_canonical [10^15 g ⋅ cm^-3],R_canonical [km],Lambda_canonical [dimensionless],rho_center_k2_max [10^15 g ⋅ cm^-3],k2_max [dimensionless]
5.948872055804245,0.5,136.71978268228807,0.32438092446133815,0.5772792607023148,1.5612846331433838,2.2549447835543694,0.5773214808681572,0.5144870656892008,11.959637046433945,859.0766698517928,0.32536353401696294,0.7407602232774614
11.89774411160849,0.5,136.71978268228807,0.3247405825232535,0.577066392627485,1.5635508028156961,2.2529761640847137,0.5772351953536965,0.5154358700422974,11.954069234373842,856.2895038444351,0.3257250131617631,0.740759706320012
65.4375926138467,0.5,133.4645497612812,0.3089246039359155,0.5685477114311868,1.5081670973232817,2.2803296960500745,0.5738011162790229,0.4903111309416011,12.153333357345327,952.2218212534327,0.3098897523138313,0.7407370074534385
5.948872055804245,0.52,136.71978268228807,0.3243785989480688,0.5772806393895319,1.561269980005777,2.2549575293095496,0.5773220397918452,0.5144809343827972,11.959673071872972,859.0947269101152,0.325361196729416,0.7407602266187243
11.89774411160849,0.52,136.71978268228807,0.3247312600602096,0.5770719013206063,1.563492064104426,2.25302712608262,0.5772374279924416,0.5154112628493033,11.954213458970823,856.3616105761364,0.3257156434930433,0.7407597197282997
17.846616167412737,0.52,136.71978268228807,0.32532073138568024,0.5767245097008755,1.5672060627716853,2.2498115457057124,0.5770966630451656,0.5169686598459108,11.94510387970748,851.8165548101165,0.32630809996194987,0.740758871018163
23.79548822321698,0.52,136.71978268228807,0.3261495768127403,0.5762392247843885,1.5724278215307437,2.245313457142977,0.5769001272715556,0.5191634930629424,11.932329057952042,845.4748307102817,0.32714114366259667,0.7407576747046467
29.744360279021226,0.52,136.71978268228807,0.32722140514475895,0.5756171158682787,1.579179640331164,2.2395366595574,0.5766483563816337,0.5220104662040658,11.915867728605663,837.3579431446807,0.3282184025958831,0.7407561228181994
35.693232334825474,0.52,136.71978268228807,0.32854088945600624,0.5748595660443885,1.587490391222352,2.23248614418464,0.5763420398690579,0.5255288125016716,11.895692767198556,827.4937586202273,0.3295445746980956,0.7407542052997664
41.64210439062972,0.52,136.71978268228807,0.3301137919676345,0.5739682780364127,1.5973956719811389,2.224168172811157,0.5759820214284966,0.5297425548267187,11.871771320665694,815.9166171954118,0.3311254528538971,0.7407519101330357
65.4375926138467,0.52,133.4645497612812,0.30863092010639764,0.5687144796042262,1.5063199275065833,2.2819955411270283,0.5738679955185804,0.48955135997241594,12.158145533061283,954.8349539720916,0.30959457506476323,0.7407374873512125
71.38646466965095,0.52,133.4645497612812,0.311471371815148,0.5671207398420768,1.5241838282933855,2.266035561423629,0.573229416752118,0.49692976197300226,12.111837587705724,929.9217245796776,0.31244947679634943,0.740732832063461
77.33533672545519,0.52,133.4645497612812,0.314613962619548,0.5654060779950153,1.5439433874986155,2.248763188833681,0.5725437773675126,0.5051717961698888,12.061203950702616,903.2707425702974,0.31560806940159714,0.7407276547381916
5.948872055804245,0.54,136.71978268228807,0.32437640388752986,0.5772819407646718,1.5612561488517973,2.2549695602738127,0.5773225673739021,0.5144751470621407,11.959707076706826,859.1117714533173,0.3253589905551009,0.740760229770516
11.89774411160849,0.54,136.71978268228807,0.3247224609204294,0.5770771012141216,1.5634366226747367,2.253075230475703,0.5772395354910456,0.5153880376756715,11.954349592050946,856.4296762511119,0.32570679979763745,0.7407597323841462
17.846616167412737,0.54,136.71978268228807,0.32530086230285604,0.5767361883951246,1.567080880601288,2.2499197071045494,0.5771013943020127,0.5169161171527346,11.945410604730425,851.9692797048625,0.3262881302512039,0.7407588996539051
23.79548822321698,0.54,136.71978268228807,0.3261140766738242,0.5762599343294199,1.5722041795434762,2.2455055593323276,0.5769085119611704,0.5190693663780935,11.93287540257807,845.7452854168351,0.32710546368633936,0.74075772601453
29.744360279021226,0.54,136.71978268228807,0.3271655784222848,0.5756493685198701,1.5788279889774532,2.2398364431781923,0.5766614043201969,0.5218619370483769,11.91672350334166,837.7783969525324,0.32816229297443444,0.7407562037776088
35.693232334825474,0.54,136.71978268228807,0.3284598659778038,0.5749058224468667,1.586980102090187,2.2329171600016435,0.5763607353036042,0.5253123343222222,11.896928777511137,828.095439343055,0.3294631404777416,0.7407543232595603
41.64210439062972,0.54,136.71978268228807,0.330002485318016,0.5740309350971476,1.596694780901024,2.224753730713899,0.5760073173074265,0.529443662386125,11.873459570279005,816.7294633587479,0.3310135816862571,0.7407520728715246
47.59097644643396,0.54,136.71978268228807,0.331800058679165,0.5730266593346284,1.608012933911003,2.2153534848833893,0.5756021115590924,0.5342839287726255,11.846278927706553,803.7199508277548,0.3328202740866013,0.740749439264291
53.53984850223821,0.54,136.71978268228807,0.33386031844542413,0.5718952688796398,1.6209823317893168,2.204725163767246,0.5751462283674322,0.5398664279732935,11.81534479068073,789.1129506188888,0.3348909912429711,0.7407464074834594
59.48872055804245,0.54,136.71978268228807,0.33619214617756477,0.5706393656198553,1.635657856840361,2.192879035950733,0.5746409271776828,0.5462302045906324,11.780610256129945,772.9612551264776,0.3372346620473216,0.7407429610778955
65.4375926138467,0.54,133.4645497612812,0.30835418518372004,0.5688720487847714,1.504579329389847,2.283568602357713,0.5739311983122938,0.4888360890022472,12.162685151247354,957.3052616129452,0.30931643304427764,0.7407379392071521
71.38646466965095,0.54,133.4645497612812,0.3111364369967108,0.5673064623091632,1.522077578417306,2.267900056782416,0.573303767612375,0.49605623236061214,12.117271001401647,932.8180113404948,0.3121128374111662,0.7407333824318099
77.33533672545519,0.54,133.4645497612812,0.3142136496813133,0.5656217330743833,1.5414266383250208,2.2509414143484645,0.5726299322729295,0.5041172599116212,12.06761931212887,906.6137473425789,0.3152057172832601,0.7407283153577339
83.28420878125944,0.54,133.4645497612812,0.31759987505342335,0.5638222586966815,1.562712945952467,2.2327134211801978,0.5719117267705491,0.5130806786119692,12.013664755830153,878.7998561390615,0.3186091992208077,0.7407227204119362
89.23308083706368,0.54,133.4645497612812,0.32131060415834495,0.5619128307945982,1.5860318667651265,2.213239455773289,0.5711513410825872,0.5230166686322612,11.955339550291253,849.4934161694911,0.32233885677314494,0.7407165798272853
107.07969700447642,0.54,130.20931684027434,0.305173455571024,0.5545569257812409,1.5252900076571916,2.245060342718046,0.5682381059009866,0.49548398645858116,12.165051531876768,950.6905275996825,0.3061770053930165,0.7406909312193477
5.948872055804245,0.56,136.71978268228807,0.3243743275227448,0.5772831717935327,1.5612430656003828,2.254980940853314,0.5773230664381374,0.5144696727227662,11.95973924302112,859.1278947040663,0.32535690367751313,0.740760232754505
5.948872055804245,0.56,139.97501560329493,0.35638233686849324,0.5772862558008534,1.7152795361776612,2.1513448779761633,0.5773243166114411,0.5831521497325076,11.544583828664503,676.112540163991,0.357461848316678,0.7407603338806031
11.89774411160849,0.56,136.71978268228807,0.3247141379139277,0.5770820201231386,1.5633841812035218,2.2531207347214335,0.5772415291204908,0.5153660698520932,11.954478362930868,856.4940647954976,0.3256984346465874,0.7407597443536718
11.89774411160849,0.56,139.97501560329493,0.3567384928031377,0.5770943435254088,1.717523678877569,2.1496517432774227,0.5772465234429034,0.5841601793941125,11.539641654122581,674.0589490843196,0.3578198076064661,0.7407598676752856
17.846616167412737,0.56,136.71978268228807,0.3252820695968635,0.5767472363800745,1.5669624797147814,2.2500220234345383,0.5771058701115744,0.5168664239701264,11.945700734429652,852.1137612900125,0.3262692423692175,0.7407589267369548
17.846616167412737,0.56,139.97501560329493,0.3573336668815306,0.5767749165987622,1.721273714294254,2.1468312689823685,0.5771170834399201,0.5858473667078569,11.531395822422725,670.6435196538772,0.3584179957065215,0.7407590871999072
23.79548822321698,0.56,136.71978268228807,0.3260805027799779,0.5762795263742289,1.5719926715726495,2.2456872835493997,0.5769164444108855,0.518980356932735,11.933392169126092,846.0011609258279,0.32707171971495275,0.7407577745313902
23.79548822321698,0.56,139.97501560329493,0.3581702386484456,0.5763286172734493,1.7265443944520238,2.142885603730509,0.5769363197170032,0.5882245152039136,11.519833060354902,665.8771249563068,0.3592588048555712,0.7407579872630655
29.744360279021226,0.56,136.71978268228807,0.3271127870781913,0.5756798826664389,1.5784954553362618,2.2401200382922335,0.5766737494310602,0.5217215082496351,11.917532911945264,838.1762234507264,0.3281092341173522,0.7407562803245216
29.744360279021226,0.56,139.97501560329493,0.35925155599343245,0.575756348552824,1.733356484088858,2.1378178020775764,0.5767046850123395,0.5913069456070993,11.504934861484568,659.7750648466111,0.36034560081383776,0.7407565605970833
35.693232334825474,0.56,136.71978268228807,0.3283832588327072,0.5749495888318222,1.5864976228915935,2.2333249129685964,0.5763784253553617,0.5251077078430334,11.89809775778768,828.6648073011336,0.3293861449878026,0.7407544347641835
41.64210439062972,0.56,136.71978268228807,0.3298972633709724,0.5740902247066572,1.5960321968223707,2.2253077052818044,0.5760312555190404,0.5291612083826769,11.87505616545705,817.4987668907472,0.3309078260980007,0.7407522266612988
47.59097644643396,0.56,136.71978268228807,0.3316611821943107,0.5731036724417976,1.607138598456828,2.216075469793174,0.575633166756833,0.5339089726157694,11.848372473957497,804.7161503372153,0.33268069291738706,0.7407496431341681
53.53984850223821,0.56,136.71978268228807,0.33368246507103166,0.571992123145444,1.6198628520220917,2.205636615629577,0.5751852296505089,0.539383035675802,11.818006084656815,790.3613276052408,0.33471223488765245,0.7407466697201754
59.48872055804245,0.56,136.71978268228807,0.3359696669990074,0.5707580838579782,1.6342578206047897,2.1940010162127535,0.5746886585970556,0.5456209418919634,11.783911708866011,774.4851596169406,0.33701105259486275,0.7407432905251685
65.4375926138467,0.56,133.4645497612812,0.3080928378837237,0.5690212369736444,1.502935488975328,2.2850571935136754,0.5739910507206805,0.48816117068628884,12.166976954816754,959.6453491637338,0.30905375700785065,0.7407383656085488
65.4375926138467,0.56,136.71978268228807,0.3385324899830916,0.5694043845620155,1.650383478709005,2.181180129622332,0.5741448116126013,0.5526662738259613,11.746039614221292,757.1451241067344,0.3395868997884153,0.7407394883232291
71.38646466965095,0.56,133.4645497612812,0.3108202211341905,0.5674823404644262,1.5200889944834515,2.2696645894818137,0.5733741930749199,0.49523238398104513,12.122407344662719,935.5624785031853,0.31179501241011026,0.7407339017181703
71.38646466965095,0.56,136.71978268228807,0.3413818295487065,0.5679341848925696,1.6683072223003474,2.167187127884877,0.5735551897794661,0.5605692694796734,11.704336047290314,738.4055763785751,0.34245073016890776,0.7407352446849881
77.33533672545519,0.56,133.4645497612812,0.31383583184581626,0.5658260016822538,1.5390512369636578,2.2530030675702317,0.5727115591007115,0.5031232293783461,12.073683352839247,909.782636920486,0.314825975073035,0.7407289386078795
83.28420878125944,0.56,133.4645497612812,0.3171531892845697,0.5640564566849721,1.5599053731803982,2.2350925363085574,0.5720051112028968,0.5118926641255872,12.020741716976453,882.409255413591,0.3181602361665601,0.7407234591639471
89.23308083706368,0.56,133.4645497612812,0.3207871928085248,0.5621783212301636,1.58274311435384,2.215955422628344,0.5712569621567855,0.5216078899070241,11.963516740284236,853.5551168903914,0.3218127743869279,0.7407174461382773
95.18195289286793,0.56,133.4645497612812,0.32475418870165085,0.5601965916248237,1.607665217525048,2.195616838031267,0.570469371157043,0.532345435471919,11.901940821335277,823.3421994941505,0.3258000232197035,0.7407108819392003
101.13082494867217,0.56,133.4645497612812,0.32907204083171465,0.5581166425961818,1.634781902669656,2.17410473875259,0.5696447385405121,0.5441924281894077,11.835945172832226,791.901597293563,0.3301399419677751,0.7407037492930619
107.07969700447642,0.56,130.20931684027434,0.304396026433258,0.5549380783515814,1.5204118461652034,2.2492742801092227,0.5683884423395095,0.493440053414812,12.177940588920682,957.6789431245306,0.3053955949286164,0.7406923324490489
113.02856906028066,0.56,130.20931684027434,0.3092881810592889,0.5525841183024063,1.5511057272575355,2.2231453486919954,0.5674610460379516,0.5063881187724314,12.0974963755164,914.7165049587588,0.3103128168727514,0.7406835256452305
118.9774411160849,0.56,130.20931684027434,0.31458563349954005,0.5501495589890635,1.5843325102067947,2.1958548818959907,0.5665045484008372,0.5206433597678236,12.012120993563492,870.7958423673249,0.3156374477214947,0.7406740451942262
5.948872055804245,0.58,136.71978268228807,0.3243723595285858,0.5772843385937628,1.5612306651933492,2.254991727611789,0.5773235394645422,0.5144644841364551,11.959769730727762,859.143176778042,0.3253549257192469,0.740760235582447
5.948872055804245,0.58,139.97501560329493,0.3563802741102325,0.5772873689800526,1.7152665384978425,2.1513546958497183,0.577324767903115,0.5831463149693595,11.54461246948183,676.1244554111628,0.35745977511443006,0.7407603365781539
11.89774411160849,0.58,136.71978268228807,0.3247062496004745,0.5770866824767957,1.5633344785919991,2.253163864930671,0.5772434187798305,0.5153452499041461,11.954600412098259,856.5550958435339,0.3256905063898064,0.7407597556989869
11.89774411160849,0.58,139.97501560329493,0.3567302254342494,0.577098791830596,1.717471586924932,2.149691000164784,0.5772483263830213,0.5841367667087122,11.539756309274908,674.1065354420083,0.357811498374532,0.7407598785062408
17.846616167412737,0.58,136.71978268228807,0.3252642595016282,0.5767577084654201,1.5668502693949695,2.25011900289953,0.5771101126682653,0.516819331859313,11.9459757130426,852.2507156084159,0.3262513420749465,0.7407589524030285
17.846616167412737,0.58,139.97501560329493,0.35731500392104615,0.5767849087131016,1.7211561269580333,2.1469195418607607,0.5771211317025723,0.5857944106326086,11.531654140521264,670.7503085205817,0.35839923822684494,0.7407591117030474
23.79548822321698,0.58,136.71978268228807,0.32604868712189156,0.5762980979687973,1.571792239332727,2.2458595318903742,0.5769239638820238,0.5188960177197104,11.933881932906244,846.2437223742444,0.3270397428877448,0.740757820509107
23.79548822321698,0.58,139.97501560329493,0.35813690683084354,0.5763463396791749,1.7263344003695755,2.143042394834454,0.5769434958289879,0.5881296750129109,11.520293146643729,666.0662716979815,0.35922530418643694,0.7407580311502936
29.744360279021226,0.58,136.71978268228807,0.3270627659419556,0.5757088091621108,1.5781803694253984,2.2403888516060353,0.576685452667111,0.5215884704758401,11.9182999938603,838.5533835863126,0.3280589595096988,0.7407563528430534
29.744360279021226,0.58,139.97501560329493,0.35919916600742535,0.5757839564554214,1.733026451785319,2.138062506626646,0.5767158558754537,0.5911573450938777,11.505655456591937,660.0691944639633,0.36029294534791473,0.7407566298456558
35.693232334825474,0.58,136.71978268228807,0.3283106814652096,0.5749910810363652,1.5860405197531293,2.2337114236687245,0.5763951971042263,0.5249138921141018,11.899205551921293,829.2046581792005,0.32931319971175343,0.7407545403829031
35.693232334825474,0.58,139.97501560329493,0.3605059635549573,0.5750988859714491,1.741258236178104,2.131983742044676,0.5764387744226351,0.5948967539694474,11.487718217151148,652.7781890537565,0.361606366157404,0.7407548987866186
41.64210439062972,0.58,136.71978268228807,0.3297975923367694,0.5741464383866485,1.5954045597460362,2.225832838375132,0.5760539534740253,0.5288937439125919,11.876569103157022,818.2282870027436,0.3308076495895422,0.7407523723043117
47.59097644643396,0.58,136.71978268228807,0.3315296561382335,0.5731766975738671,1.6063105274515457,2.2167598949023737,0.5756626165928572,0.5335540180869758,11.850356192852395,805.6609858469004,0.3325484995001352,0.7407498361548939
53.53984850223821,0.58,136.71978268228807,0.3335140598378294,0.5720839728575288,1.618802823157445,2.2065006941367225,0.5752222200573583,0.5389255810708276,11.820527583111614,791.5455617541099,0.334542974684235,0.740746917945243
59.48872055804245,0.58,136.71978268228807,0.3357590548629648,0.5708706830597358,1.632932433007753,2.1950647429819488,0.5747339363236371,0.5450445859743615,11.787039491745443,775.9310798805736,0.33679937053733955,0.7407436022816846
65.4375926138467,0.58,133.4645497612812,0.3078455105415189,0.5691627636813275,1.5013798089703132,2.28646862090939,0.5740478396305027,0.48752297710606207,12.171042655499901,961.866313850623,0.3088051723182563,0.7407387688383403
65.4375926138467,0.58,136.71978268228807,0.3382739967451352,0.5695395582836262,1.6487571872858684,2.1824630688603137,0.574199076541717,0.5519529724470694,11.74984382260395,758.8729810846104,0.33932709248356435,0.7407398725037759
71.38646466965095,0.58,133.4645497612812,0.3105210539976696,0.5676492170580447,1.5182075817527825,2.2713377944828936,0.5734410281648376,0.4944537220422184,12.127272673973952,938.1680035196815,0.311494323038286,0.7407343927224067
71.38646466965095,0.58,136.71978268228807,0.34106938926509234,0.568093646373717,1.666342054027396,2.1687083428192575,0.5736190900584139,0.5596990480315713,11.708888573267041,740.4333395792598,0.3421367003806007,0.7407357107543551
77.33533672545519,0.58,133.4645497612812,0.3134784936345908,0.5660198554722466,1.53680452532016,2.254958202821619,0.572789042896798,0.5021841928744333,12.07942692262674,912.7921003050303,0.3144668169925199,0.7407295278229129
77.33533672545519,0.58,136.71978268228807,0.3441569329986189,0.5665363187718632,1.6857594716134416,2.1538150093991124,0.57299556350003,0.5683382119114001,11.664117977267427,720.6807833648155,0.34523995735918445,0.7407310980249284
83.28420878125944,0.58,133.4645497612812,0.3167308544274067,0.5642787647186837,1.5572507529329498,2.2373489791063172,0.5720937790787052,0.5107709928401335,12.027444075355255,885.8383556954062,0.31773574842465535,0.7407241574895322
83.28420878125944,0.58,136.71978268228807,0.3475495781297694,0.5648712753919909,1.7070897257232311,2.137799421128462,0.5723302193488756,0.5779337825195628,11.61547296318013,699.6906873896219,0.3486498829684843,0.7407260142431171
89.23308083706368,0.58,133.4645497612812,0.32029248676368954,0.5624303969540616,1.5796345864753878,2.2185316696158943,0.5713572775264799,0.5202785776041601,11.971260393690399,857.415554974782,0.32131554412424135,0.7407182649424416
95.18195289286793,0.58,133.4645497612812,0.32417912995593345,0.5604795718136161,1.604053006633035,2.1985303934291136,0.5705817209149641,0.5307802707425979,11.910810228517134,827.6413766843215,0.3252220273331665,0.7407118331912025
101.13082494867217,0.58,133.4645497612812,0.32840797942520267,0.5584314747653681,1.6306121408257885,2.177371996020911,0.5697694290760984,0.5423594530466782,11.846026712446221,796.6423400402629,0.3294724853563613,0.7407048450214292
107.07969700447642,0.58,130.20931684027434,0.30366221202497,0.5553003655757451,1.5158072192985474,2.253273687757163,0.5685314000179813,0.4915154909480568,12.190143661479423,964.3326663104718,0.30465802336329256,0.7406936551958443
107.07969700447642,0.58,133.4645497612812,0.3329977571787352,0.5562916521882469,1.6594276886842771,2.1550861934507113,0.5689228529262546,0.5551109958255899,11.77684231049129,764.5534318783573,0.33408574041655287,0.7406972835158526
113.02856906028066,0.58,130.20931684027434,0.3084489000503425,0.5529805432724365,1.5458405632700618,2.2275631846875483,0.5676170490979973,0.5041521633885663,12.111186036358344,921.9183172154654,0.30946923312904556,0.740685033986309
118.9774411160849,0.58,130.20931684027434,0.31362993743953893,0.5505803368492979,1.5783390206627754,2.20070391635904,0.5666735991466529,0.5180533250423718,12.027393373241333,878.5280356388063,0.31467684602789137,0.7406757496533597
124.92631317188915,0.58,130.20931684027434,0.31922935719700035,0.5481069705820997,1.6134460262358263,2.17274182075821,0.5657040894018474,0.533344828427837,11.938705184256861,834.370464660164,0.32030501964220076,0.7406658315097409
136.82405728349764,0.58,126.95408391926749,0.3035170623685509,0.5414159216376206,1.5522511116240394,2.204407663578687,0.5630948739599289,0.5053220772304047,12.145324783791644,932.7549825040832,0.3045665062866965,0.7406370002319753
5.948872055804245,0.6,136.71978268228807,0.324370490795102,0.5772854465631783,1.5612188902294935,2.255001970457107,0.5773239886413053,0.5144595572797579,11.95979868092023,859.1576883667226,0.3253530475242264,0.7407602382654176
5.948872055804245,0.6,139.97501560329493,0.35637831539124537,0.5772884260317561,1.7152541963799295,2.151364018664362,0.5773251964408511,0.5831407745309523,11.544639665925402,676.1357699170198,0.3574578064782252,0.7407603391409493
11.89774411160849,0.6,136.71978268228807,0.32469875941918064,0.5770911098304333,1.5632872844858565,2.253204820610012,0.577245213203698,0.5153254812514002,11.954716304655063,856.6130514313747,0.3256829782812607,0.7407597664701125
11.89774411160849,0.6,139.97501560329493,0.3567223753118345,0.5771030159199844,1.7174221239691148,2.1497282777912026,0.5772500384558346,0.5841145362348555,11.539865180808404,674.1517238153447,0.35780360850195625,0.7407598887872661
17.846616167412737,0.6,136.71978268228807,0.32524734929970767,0.5767676530156033,1.5667437285273638,2.250211093916684,0.5771141415570151,0.5167746216762696,11.946236814769705,852.380774534173,0.3262343462319482,0.7407589767690784
17.846616167412737,0.6,139.97501560329493,0.3572972838602997,0.5767943974474596,1.7210444802472586,2.1470033650854545,0.5771249760707057,0.5857441330722484,11.531899422558142,670.8517206317026,0.35838142842273774,0.740759134963407
23.79548822321698,0.6,136.71978268228807,0.3260184815076694,0.5763157347568586,1.5716019493621147,2.246023100348246,0.5769311050228851,0.5188159545250594,11.934346965904904,846.4740863079527,0.32700938426187404,0.7407578641487129
23.79548822321698,0.6,139.97501560329493,0.3581052615092203,0.5763631699475461,1.7261350308286458,2.1431912847157593,0.5769503108488026,0.5880396432074164,11.520730000840206,666.2459065110432,0.3591934985582318,0.740758072814882
29.744360279021226,0.6,136.71978268228807,0.3270152811625295,0.5757362811437686,1.5778812584914832,2.240644124417708,0.5766965678257917,0.5214621983417874,11.919028312521995,838.9116082456623,0.32801123411483013,0.7407564216765498
29.744360279021226,0.6,139.97501560329493,0.3591494318223065,0.575810175961889,1.7327131484347358,2.1382948844241163,0.5767264653206006,0.5910153524564132,11.506339637764135,660.3485560654739,0.36024295914462295,0.7407566955719688
35.693232334825474,0.6,136.71978268228807,0.3282417930495046,0.5750304895708862,1.5856066467015486,2.234078475179026,0.576411127418586,0.5247299703663729,11.90025730765407,829.717451703076,0.32924396209481904,0.7407546406114323
35.693232334825474,0.6,139.97501560329493,0.3604338363540612,0.5751365045972873,1.7408039150183798,2.1323178969996235,0.5764539832903999,0.5946899355414142,11.488706236604164,653.178139303203,0.36153387332668835,0.7407549945329316
41.64210439062972,0.6,136.71978268228807,0.3297030016918999,0.5741998334880876,1.5948089078552514,2.226331549710519,0.5760755148327583,0.528639992375796,11.878005437860692,818.9213445704414,0.3307125792488131,0.7407525104869056
47.59097644643396,0.6,136.71978268228807,0.33140485586798707,0.5732460678935215,1.605524790115072,2.2174099094130217,0.5756905950030002,0.5332173549440429,11.852239353156481,806.5587335742471,0.33242306601846794,0.7407500192480075
53.53984850223821,0.6,136.71978268228807,0.3333542975537378,0.5721712353800404,1.6177971799112814,2.2073213683542865,0.5752573670084719,0.5384918361910831,11.822921095689743,792.6709781491958,0.33438240134633596,0.7407471533435611
59.48872055804245,0.6,136.71978268228807,0.33555929526110556,0.5709776725110174,1.6316753142528364,2.1960750925905095,0.5747769641611696,0.54449829575281,11.790008291708519,777.3054687839716,0.336598596202741,0.7407438978684636
65.4375926138467,0.6,133.4645497612812,0.3076109993521814,0.5692972646826012,1.4999047218289843,2.287809335175553,0.5741018186123945,0.48691831923990286,12.174901394827017,963.9779697248003,0.308569469034295,0.7407391508894656
65.4375926138467,0.6,136.71978268228807,0.33802888172586165,0.569668016266901,1.6472150259117742,2.1836817092690546,0.574250653867069,0.5512771442326889,11.75345440502483,760.5157779985518,0.3390807314909486,0.7407402366668303
71.38646466965095,0.6,133.4645497612812,0.31023746610631014,0.5678078370022094,1.5164241064277988,2.2729272966384313,0.5735045691101328,0.4937162983853117,12.13188995858011,940.6459809235174,0.31120929231548833,0.7407348578777296
71.38646466965095,0.6,136.71978268228807,0.34077319587872995,0.5682452102703242,1.6644790220566477,2.170153424033401,0.573679837178572,0.5588749067431017,11.713208985484696,742.3617617517622,0.34183900026486946,0.7407361524324678
77.33533672545519,0.6,133.4645497612812,0.3131398626350913,0.5662041536095075,1.5346753712338113,2.256815699884577,0.5728627242585977,0.501295312851569,12.084877212933433,915.6551430683264,0.31412646157272867,0.7407300859556449
77.33533672545519,0.6,136.71978268228807,0.34380352900821387,0.5667125104658671,1.683537199501509,2.155504145013887,0.5730660479546171,0.5673448773825974,11.66921808582993,722.909783111168,0.34488475417032116,0.7407316267367594
83.28420878125944,0.6,133.4645497612812,0.31633075393273374,0.5644901601940704,1.5547357980838823,2.239492958429051,0.5721781165903482,0.509709786236644,12.033803650898486,889.1017764464482,0.3173336086171648,0.7407248188967197
83.28420878125944,0.6,136.71978268228807,0.3471323749927054,0.565073489901717,1.7044670015816112,2.1397496114174404,0.5724109515470325,0.5767479281272331,11.62142441459853,702.2326017672261,0.3482305539916598,0.7407266401416288
89.23308083706368,0.6,133.4645497612812,0.31982397970812687,0.5626701563417371,1.5766905569161744,2.2209798013280557,0.57145271968879,0.5190216349740582,11.978607376621627,861.090936957941,0.3208446468292713,0.7407190403508088
95.18195289286793,0.6,133.4645497612812,0.3236347148421196,0.5607487968767659,1.6006331356111363,2.2012994266746158,0.5706886447438141,0.529301223122242,11.919224581072308,831.7362896065135,0.32467483199220687,0.740712733799952
101.13082494867217,0.6,133.4645497612812,0.3277795333723276,0.5587310906367422,1.6266658056351142,2.1804776497409737,0.5698881361750414,0.5406284774989596,11.85559020986495,801.1600795718301,0.3288408266840577,0.7407058824470817
107.07969700447642,0.6,133.4645497612812,0.3322764756578957,0.5566223961949285,1.6549000218394025,2.158543042747012,0.5690535659537717,0.5530942297829997,11.787638491146495,769.4927909462393,0.33336076779729723,0.7406984698288844
113.02856906028066,0.6,130.20931684027434,0.30765539833774563,0.5533581259841375,1.5408623581735625,2.2317643896997974,0.5677657039249377,0.5020437717289284,12.124170908055953,928.7905528142322,0.30867166421769715,0.7406864612584688
113.02856906028066,0.6,133.4645497612812,0.337145118310616,0.5544284140596575,1.6854570574761827,2.135527059606395,0.5681874272357671,0.5668018665805228,11.715303013521723,736.8722519573408,0.3382543370204925,0.7406904788836061
118.9774411160849,0.6,130.20931684027434,0.31272675265439837,0.5509908049564429,1.5726744985962282,2.20531619855056,0.5668347573397016,0.5156130443577251,12.041878677628672,885.9115752187809,0.31376902612863067,0.7406773630207967
124.92631317188915,0.6,130.20931684027434,0.31820533940630763,0.5485503317995616,1.6070260629576842,2.177775829106555,0.5658776753220293,0.5305272072585937,11.95478302770223,842.2430722803566,0.31927574027028727,0.740667641602692
130.8751852276934,0.6,130.20931684027434,0.3241160906412714,0.5460440062128205,1.644076913082478,2.1491910827771545,0.5648975356041633,0.5469233449110164,11.862827460174008,797.9937288293096,0.3252168772736461,0.7406572488438041
136.82405728349764,0.6,126.95408391926749,0.30225559943496577,0.541942787361082,1.5443508311512795,2.2108896079246225,0.5632996263841504,0.5019348972358587,12.166315168144399,943.9649157157586,0.30329854143400914,0.7406393683588915
142.7729293393019,0.6,126.95408391926749,0.308897587553743,0.5392334720182732,1.5859437664943714,2.177386987052407,0.5622479968529706,0.5199280722583286,12.056972529920827,886.7134707599505,0.3099747838119377,0.7406269840328523
154.67067345091039,0.6,123.69885099826062,0.2968484521486478,0.5317910800410052,1.5448023415025636,2.1941360286904854,0.5593751762638826,0.5007482137333081,12.212841984835165,962.0761684210228,0.29791465520118426,0.7405903839320594
5.948872055804245,0.62,136.71978268228807,0.32436871324961875,0.5772865004851256,1.5612076898419351,2.2550117136155157,0.5773244159075241,0.5144548708647961,11.959826218628255,859.1714921118605,0.32535126097890277,0.7407602408188989
5.948872055804245,0.62,139.97501560329493,0.3563764522502911,0.5772894315195306,1.7152424565082143,2.1513728866740074,0.5773256040746696,0.5831355044782719,11.544665535450838,676.1465325251335,0.3574559339039811,0.7407603415803645
11.89774411160849,0.62,136.71978268228807,0.32469163497389014,0.57709532128615,1.563242394769452,2.25324377855574,0.577246920132698,0.5153066783185315,11.954826541354095,856.6681815018969,0.32567581776073956,0.7407597767171219
11.89774411160849,0.62,139.97501560329493,0.35671490848548026,0.577107034019365,1.7173750760957998,2.1497637370779543,0.5772516670470573,0.5840933917408144,11.539968739137827,674.1947090906285,0.35779610386639843,0.7407598985675934
17.846616167412737,0.62,136.71978268228807,0.3252312657031092,0.5767771128927095,1.5666423954011273,2.2502986938660445,0.5771179741349649,0.5167320992759151,11.946485168675576,852.5044980762888,0.32621818118099705,0.7407589999446151
17.846616167412737,0.62,139.97501560329493,0.35728042991430875,0.5768034237028177,1.720938290399019,2.1470831003721527,0.5771286331082757,0.5856963157084033,11.532132729183397,670.9481926721179,0.3583644891202668,0.7407591570840699
23.79548822321698,0.62,136.71978268228807,0.3259897546559651,0.576332512643767,1.5714209747136447,2.24617869433783,0.5769378985431106,0.5187398181756704,11.934789281220628,846.6932423968166,0.3269805118907502,0.7407579056464009
23.79548822321698,0.62,139.97501560329493,0.3580751651857783,0.5763791805240087,1.7259454196606612,2.1433329155238634,0.576956794089229,0.5879540271439919,11.521145514042528,666.4168011916115,0.3591632497764023,0.7407581124356648
29.744360279021226,0.62,136.71978268228807,0.3269701256090536,0.575762416620137,1.5775968180498385,2.240886956813622,0.5767071425943413,0.5213421380600732,11.919721025120136,839.2524318387111,0.3279658497517843,0.7407564871180362
29.744360279021226,0.62,139.97501560329493,0.3591021365953946,0.5758351197284609,1.7324152082242728,2.1385159369877016,0.5767365588790583,0.5908803449707953,11.506990370836354,660.614346433824,0.360195424261906,0.7407567580642589
35.693232334825474,0.62,136.71978268228807,0.3281762917647212,0.5750679833172639,1.5851941033302794,2.2344276478026748,0.5764262844455718,0.5245551290882421,11.90125760599829,830.2053930970613,0.3291781287850783,0.7407547358934059
35.693232334825474,0.62,139.97501560329493,0.36036525426982313,0.5751722950522933,1.7403719217203157,2.132635774201566,0.5764684537181199,0.594493328683533,11.489645910771955,653.5586978458646,0.36146494359085873,0.7407550855522804
41.64210439062972,0.62,136.71978268228807,0.32961307486039976,0.5742506381760825,1.5942426188747658,2.2268059839519583,0.5760960315097158,0.5283988242202028,11.87937141775329,819.5808834037283,0.3306221963852414,0.740752641827806
47.59097644643396,0.62,136.71978268228807,0.3312862285097382,0.5733120788276235,1.6047779072245307,2.2180283047446983,0.5757172207696274,0.5328974704660177,11.854030164841168,807.4131868246839,0.33230383678989767,0.7407501932359992
53.53984850223821,0.62,136.71978268228807,0.3332024657583182,0.5722542808742691,1.6168414402369804,2.208102156711502,0.5752908190157687,0.5380798313698889,11.825197081897189,793.7423019589554,0.3342297987910031,0.7407473769874593
59.48872055804245,0.62,136.71978268228807,0.3353694908260241,0.5710795039978032,1.6304808210033006,2.197036388152145,0.5748179229422217,0.5439795609376225,11.79283111516053,778.6140543095909,0.3364078276565993,0.7407441786298986
65.4375926138467,0.62,133.4645497612812,0.30738824001024934,0.5694253041547895,1.4985035367031472,2.2890850559839286,0.5741532127414728,0.4863443811564311,12.178570122263794,965.9890325658224,0.3083455774259084,0.7407395135342257
65.4375926138467,0.62,136.71978268228807,0.33779603499368943,0.5697902981520054,1.645750017020316,2.1848412532535315,0.5742997590312916,0.5506356486014399,11.756887164033596,762.0802420944036,0.33884670122416827,0.7407405824782829
71.38646466965095,0.62,133.4645497612812,0.3099681588023122,0.5679588615225634,1.514730407741144,2.2744398577704508,0.5735650789413855,0.4930166291502958,12.136279535016723,943.0065352649918,0.3109386149571514,0.7407352993511219
71.38646466965095,0.62,136.71978268228807,0.3404918965729552,0.5683895095660435,1.6627096250425248,2.1715285242229965,0.5737376831500466,0.558092952973163,11.71731631632174,744.1987337336857,0.34155627010489825,0.7407365717520518
77.33533672545519,0.62,133.4645497612812,0.31281837316189665,0.5663796590005051,1.5326539404308273,2.258583434807474,0.5729329057322321,0.5004523238965439,12.090058295480434,918.383327520768,0.3138033351292264,0.740730615612927
77.33533672545519,0.62,136.71978268228807,0.34346798487490665,0.5668802862550542,1.6814271704799217,2.1571116098352783,0.5731331797798309,0.5664028201511124,11.67406625117734,725.0336903043159,0.34454750191680233,0.74073212856521
83.28420878125944,0.62,133.4645497612812,0.3159510189860921,0.5646915113407508,1.5523487760335184,2.241533530948073,0.5722584669351626,0.508703865254838,12.039848610134076,892.2125240896244,0.31695193836988333,0.7407254464760651
83.28420878125944,0.62,136.71978268228807,0.34673636806463154,0.5652660827070124,1.7019774459054797,2.141605678539159,0.5724878608014651,0.5756238486279951,11.627081376757525,704.6554553548956,0.34783252943767307,0.7407272340641738
89.23308083706368,0.62,133.4645497612812,0.319379459759642,0.5628985755167785,1.5738971460450875,2.223310114974008,0.5715436731775605,0.5178308152424423,11.985590318974761,864.5956923831428,0.32039785929014064,0.7407197760247505
95.18195289286793,0.62,133.4645497612812,0.3231183441942381,0.5610053522561825,1.5973892833720038,2.20393552828664,0.5707905686837401,0.5279007974242097,11.927221350726448,835.6427430799076,0.32415582468319587,0.7407135881491732
101.13082494867217,0.62,133.4645497612812,0.3271836672603021,0.5590166851825026,1.6229238675104187,2.1834346278750982,0.5700013271921667,0.5389905450809568,11.864678365893628,805.4719197782371,0.3282419149456243,0.7407068664764631
107.07969700447642,0.62,133.4645497612812,0.3315928342901617,0.5569377571070563,1.650608401041754,2.16183492185261,0.5691782466357768,0.5511871752997088,11.797897121273829,774.2093407480132,0.33267362851486715,0.7406995949615517
113.02856906028066,0.62,130.20931684027434,0.3069037254409813,0.5537183251977905,1.5361463748058837,2.2357661623963927,0.5679075756075451,0.5000515248854845,12.1365091231962,935.357870901255,0.3079161392899781,0.7406878142329102
113.02856906028066,0.62,133.4645497612812,0.3363647277702308,0.5547740830239465,1.680559815775925,2.1391666911475102,0.5683237431825101,0.5645896655041621,11.726813238067695,741.9888651131014,0.3374699491867607,0.7406917569948306
118.9774411160849,0.62,130.20931684027434,0.31187152361266723,0.5513825247245665,1.5673104329066627,2.2097104529085065,0.5669886253661155,0.5133089710652291,12.055641855423508,892.9721965536717,0.31290940896883823,0.7406788928953779
124.92631317188915,0.62,130.20931684027434,0.3172360947850871,0.5489736169688376,1.6009490898767762,2.182572981030528,0.5660434825539902,0.5278690570409701,11.970058637267677,849.7768714197267,0.3183015165527984,0.7406693583934544
130.8751852276934,0.62,130.20931684027434,0.3230214667903088,0.5464986757311142,1.637216460529968,2.1543997886393265,0.5650751358796006,0.5438625737838146,11.87970374544623,805.9744715066314,0.3241166234654744,0.7406591631716001
136.82405728349764,0.62,126.95408391926749,0.30106293750742813,0.542446412447051,1.5368811604487924,2.2170709326326308,0.5634954597781558,0.4987452958645865,12.186259201886193,954.7139585046049,0.3020997339475468,0.7406416132217113
142.7729293393019,0.62,126.95408391926749,0.3075568785392318,0.5397676997025457,1.577549050433495,2.1840268721927645,0.5624551097174029,0.516264327040723,12.07881202505457,897.9241212388238,0.3086271566775993,0.7406294660245576
148.72180139510613,0.62,126.95408391926749,0.314548206606526,0.5370485533895258,1.6213184391842983,2.1500533429365083,0.5614021938643575,0.53554961175981,11.966171900704675,841.2781231278927,0.31565457955959675,0.7406166338011585
160.61954550671462,0.62,123.69885099826062,0.3030762284534258,0.5295433638891816,1.5837497297392193,2.163379189873349,0.5585120187584411,0.5177404280852392,12.108367240881885,906.5841402298574,0.3041746975529152,0.740578619333473
172.5172896183231,0.62,120.44361807725377,0.2950146322467761,0.5215702648199827,1.564792952556099,2.1635274342327224,0.5554667135106183,0.5082973743845781,12.202268754501967,949.7530486661046,0.29611935742689843,0.7405338740102088
5.948872055804245,0.64,136.71978268228807,0.3243670197096677,0.577287504615588,1.561197018774819,2.2550209964371173,0.5773248229885141,0.5144504059513653,11.959852455095223,859.1846437504114,0.3253495588644422,0.7407602432505056
5.948872055804245,0.64,139.97501560329493,0.3563746771591772,0.577290389503808,1.7152312714466373,2.151381335694383,0.5773259924506288,0.5831304835123724,11.54469018256254,676.1567866922019,0.357454149825388,0.7407603438987632
11.89774411160849,0.64,136.71978268228807,0.324684847442456,0.5770993338405014,1.5631996278456153,2.2532808960730915,0.577248546454282,0.5152887649739141,11.954931567723982,856.7207084549864,0.32566899586014075,0.7407597864760183
11.89774411160849,0.64,139.97501560329493,0.35670779475015196,0.5771108623455509,1.7173302529908452,2.149797521205314,0.5772532187283523,0.5840732476145505,11.540067402799254,674.2356646758301,0.35778895410986494,0.7407599078851267
17.846616167412737,0.64,136.71978268228807,0.3252159435149681,0.5767861262360643,1.5665458592777255,2.2503821563243327,0.5771216258470644,0.516691591961857,11.946721779273735,852.6223845668143,0.3262027813949832,0.7407590220188079
17.846616167412737,0.64,139.97501560329493,0.35726437377478637,0.5768120238733436,1.7208371270542573,2.147159069564047,0.5771321175543608,0.585650764341937,11.532355004043117,671.0401132245094,0.3583483516651362,0.7407591781583769
23.79548822321698,0.64,136.71978268228807,0.32596238979374065,0.5763484991756321,1.5712485798245053,2.246326941531602,0.5769443717713314,0.5186672981340218,11.935210669794476,846.9020713861867,0.3269530084096176,0.7407579451749093
23.79548822321698,0.64,139.97501560329493,0.3580464955564237,0.5763944358753511,1.7257647964051963,2.1434678586366895,0.576962971635607,0.5878724776245806,11.521541368655324,666.5796425931732,0.3591344349170992,0.7407581501734848
29.744360279021226,0.64,136.71978268228807,0.3269271150708055,0.5757873206129033,1.5773258879527103,2.2411183276746875,0.5767172194142511,0.5212277972413046,11.92038094026072,839.5772200955942,0.3279226212759552,0.7407565494450468
29.744360279021226,0.64,139.97501560329493,0.35905708747488224,0.5758588880122849,1.7321314164422021,2.1387265554859036,0.5767461770729789,0.590751768953876,11.507610294187597,660.8676307709235,0.3601501468702348,0.7407568175773764
35.693232334825474,0.64,136.71978268228807,0.3281139092401819,0.5751037125876541,1.5848011998304663,2.2347603477882685,0.5764407288437717,0.5243886470675792,11.902210502172192,830.6704220574529,0.3291154300505295,0.7407548266184496
35.693232334825474,0.64,139.97501560329493,0.3602999364915187,0.5752064008709296,1.7399604878265043,2.132938654041501,0.5764822436415707,0.5943061216449331,11.490541055756868,653.9213843917041,0.36139929471467963,0.7407551722220008
41.64210439062972,0.64,136.71978268228807,0.3295274415188213,0.574299055553615,1.5937033616429312,2.2272580496519145,0.5761155853318434,0.5281692357590982,11.880672600641011,820.209525056638,0.33053612879563615,0.7407527668664329
47.59097644643396,0.64,136.71978268228807,0.33117328270305363,0.5733749933930538,1.6040667865953042,2.2186175651640374,0.5757425996582678,0.5325930210996772,11.855735929624855,808.227723959255,0.33219031795796616,0.7407503588469746
53.53984850223821,0.64,136.71978268228807,0.3330579314446333,0.5723334389518892,1.6159316218243487,2.2088461907336,0.575322708344568,0.5376878180396983,11.827364843198117,794.7637427117436,0.3340845307929871,0.740747589820978
59.48872055804245,0.64,136.71978268228807,0.3351888445205828,0.5711765798984102,1.6293439407391335,2.1979524777480717,0.574856973756348,0.5434861542145724,11.795519527251672,779.8619411134191,0.33622626380568243,0.7407444457505676
65.4375926138467,0.64,133.4645497612812,0.3071762876285428,0.5695473847310851,1.4971703132713903,2.290300875243122,0.5742022225912724,0.4857986658564739,12.182063907534841,967.9072732381087,0.3081325477904798,0.7407398583461194
65.4375926138467,0.64,136.71978268228807,0.3375744710576838,0.5699068846782369,1.644355965131639,2.1859463320772745,0.5743465840085551,0.550025692445673,11.760156230065917,763.5724557534301,0.3386240111719663,0.740740911422101
71.38646466965095,0.64,133.4645497612812,0.3097119795944259,0.5681028798837762,1.513119243120315,2.275881498385255,0.5736227921333044,0.49235162707464825,12.140459482484877,945.2586977680282,0.310681132591809,0.7407357190600626
71.38646466965095,0.64,136.71978268228807,0.34022429065519233,0.5685271083085256,1.6610263173413546,2.1728391213206435,0.5737928526013811,0.557349737203773,11.721227485327143,745.951293733252,0.3412873030846083,0.7407369705255115
77.33533672545519,0.64,133.4645497612812,0.31251263633278215,0.566547051747053,1.5307315087151565,2.2602684212916113,0.57299985711801,0.49965144876694795,12.094991568794514,920.986974517713,0.3134960416849982,0.740731119089638
77.33533672545519,0.64,136.71978268228807,0.3431488553277542,0.5670402977262596,1.6794203050937113,2.158643788300206,0.5731972177121646,0.5655078198306475,11.67868250220367,727.0605538069094,0.3442267479478111,0.7407326056896614
83.28420878125944,0.64,133.4645497612812,0.31558999254071357,0.5648835924373603,1.5500792830511803,2.2434787632120465,0.5723351362914869,0.507748647257506,12.045603987784322,895.1822143374762,0.3165890721608155,0.7407260429790314
83.28420878125944,0.64,136.71978268228807,0.34635983516420504,0.5654497963796155,1.6996102431670705,2.1433749690654915,0.5725612410698372,0.5745564232827837,11.632467288855196,706.9683161949984,0.3474540783196195,0.7407277986162752
89.23308083706368,0.64,133.4645497612812,0.3189569665896199,0.5631165253366974,1.5712420519875727,2.2255317839775985,0.5716304812067994,0.5167005956850143,11.992238219648106,867.9427173052114,0.3199732111387517,0.740720475191321
95.18195289286793,0.64,133.4645497612812,0.3226277155587263,0.5612502067863231,1.5943070079725326,2.206449026224504,0.5708878732271325,0.5265723732713697,11.934833836247536,839.374874032468,0.3236626911447822,0.7407144000134351
101.13082494867217,0.64,133.4645497612812,0.32661769353401693,0.5592893255493232,1.6193694766214395,2.1862544534806965,0.5701094197100823,0.5374377525106401,11.873329122719678,809.5931740537756,0.32767304878332437,0.7407078014687297
107.07969700447642,0.64,133.4645497612812,0.33094371287523255,0.5572388996072465,1.6465332718285055,2.164974581638253,0.5692973490140301,0.549380398621676,11.807661420884742,778.7197713564628,0.332021186319836,0.7407006639062126
113.02856906028066,0.64,130.20931684027434,0.30619038812144733,0.5540624456125405,1.5316707371994684,2.239583845368559,0.5680431698780437,0.4981653684028435,12.14825233575413,941.6424084200958,0.3071991471007267,0.7406890989019236
113.02856906028066,0.64,133.4645497612812,0.33562400809654136,0.5551042698659154,1.6759112761189803,2.142638597643247,0.5684540049121047,0.5624952542476477,11.737767881334182,746.8843867562576,0.3367254360642693,0.7406929711380629
118.9774411160849,0.64,130.20931684027434,0.31106022427174657,0.5517568937023227,1.56222162431359,2.21390339019386,0.5671357427632583,0.511129191628677,12.068740615839229,899.7330364727933,0.31209394772198423,0.740680346033925
124.92631317188915,0.64,130.20931684027434,0.3163170004246312,0.5493783113997159,1.5951861849902853,2.187151355249226,0.5662020821628196,0.5253562758820742,11.984596145312949,856.9957774884022,0.31737770167857293,0.7406709894224701
130.8751852276934,0.64,130.20931684027434,0.3219839009696071,0.5469335597205484,1.6307131721616945,2.1593721382750455,0.565245092719111,0.5409716256895725,11.895763964136414,813.6274251495087,0.3230737222948376,0.7406609821319093
136.82405728349764,0.64,126.95408391926749,0.2999331887526103,0.5429284773080207,1.5298053221076267,2.2229742895638402,0.5636830133084723,0.4957353691113074,12.20524058982658,965.0335496023205,0.30096416544311944,0.7406437443802252
136.82405728349764,0.64,130.20931684027434,0.3280858413820783,0.5444297712225962,1.668953069252516,2.1306136014130868,0.564267724243397,0.558117872933169,11.802193138117442,769.8309038225584,0.32920705575221443,0.7406503475469114
142.7729293393019,0.64,126.95408391926749,0.3062874412147516,0.5402793234714333,1.5696001124492236,2.1903701190995877,0.5626535736909797,0.5128102487010067,12.099597354718908,908.6969185162626,0.3073511706999183,0.7406318248080906
148.72180139510613,0.64,126.95408391926749,0.3131254738659196,0.5375887719987862,1.612412630865269,2.156838410902079,0.5616111300282223,0.5315886768701672,11.988847325203952,852.4490322902458,0.3142244977688708,0.7406192225026748
160.61954550671462,0.64,123.69885099826062,0.30134929607967825,0.5301545048789533,1.5729505075522168,2.1717780837067138,0.5587465003457982,0.512993399922993,12.137074388653009,921.5743401674944,0.30243881433173064,0.740581855648095
166.56841756251887,0.64,123.69885099826062,0.3096085242375576,0.5273114092324843,1.6245937569747086,2.1324688218306997,0.557656961790858,0.5359459030426521,12.001542740854243,852.4781144779066,0.3107408744770315,0.740566562949529
172.5172896183231,0.64,120.44361807725377,0.2929227400422213,0.5222423505501276,1.5517245190071145,2.1737162573768214,0.5557224563207184,0.5025669453520488,12.238104574478717,969.1580851868298,0.2940165852168968,0.7405378075765666
5.948872055804245,0.66,136.71978268228807,0.32436540376062434,0.5772884627556589,1.561186836609116,2.2550298540659806,0.5773252114251886,0.5144461456242244,11.959877489673115,859.197193061514,0.3253479347337416,0.7407602455718277
5.948872055804245,0.66,139.97501560329493,0.3563729833945099,0.5772913036110305,1.715220598831671,2.151389397712954,0.5773263630388548,0.5831256926114291,11.544713700593887,676.1665712312448,0.35745244748501115,0.7407603461155108
11.89774411160849,0.66,136.71978268228807,0.32467837108529446,0.5771031626738048,1.5631588215392815,2.2533163136547687,0.5772500983199663,0.5152716732307391,11.955031781660042,856.7708309276446,0.3256624867095358,0.7407597957898807
11.89774411160849,0.66,139.97501560329493,0.3567010071311945,0.5771145153824162,1.7172874846926125,2.14982975805061,0.5772546993691774,0.5840540274030647,11.540161545581636,674.2747454531078,0.3577821321211001,0.7407599167743448
17.846616167412737,0.66,136.71978268228807,0.32520132451627454,0.5767947271109388,1.5664537533787173,2.250461797083795,0.5771251104886891,0.5166529455334745,11.946947543651943,852.7348791188592,0.3261880883600001,0.7407590430809902
17.846616167412737,0.66,139.97501560329493,0.35724905444387794,0.5768202304654506,1.7207406059101655,2.1472315601106065,0.5771354425737953,0.5856073055723575,11.532567089867209,671.1278293788102,0.3583329547505143,0.7407591982624941
23.79548822321698,0.66,136.71978268228807,0.32593628265829533,0.5763637546869955,1.5710841079329578,2.2464684025400996,0.576950549119248,0.5185981171719175,11.935612730965959,847.1013600539083,0.32692676902745943,0.7407579828853474
23.79548822321698,0.66,139.97501560329493,0.3580191434185995,0.5764089935851808,1.7255924731337702,2.1435966243835516,0.5769688667888614,0.5877946829071665,11.521919067093977,666.7350442809092,0.35910694422440825,0.7407581861746168
29.744360279021226,0.66,136.71978268228807,0.3268860850972974,0.5758110869386925,1.5770674324932417,2.2413391113238177,0.5767268362007703,0.5211187364151693,11.921010565931226,839.8871931699454,0.32788138340316686,0.7407566088982135
29.744360279021226,0.66,139.97501560329493,0.359014112292785,0.5758815703728551,1.731860688651304,2.138927535894822,0.5767553561025028,0.5906291302288982,11.508201763798834,661.1093607381015,0.3601069539287852,0.7407568743434259
35.693232334825474,0.66,136.71978268228807,0.32805440593753693,0.5751378116705564,1.5844264279192413,2.2350778312287716,0.5764545148094156,0.5242298801839465,11.903119623429962,831.1142793445598,0.32905562513778736,0.7407549131446568
35.693232334825474,0.66,139.97501560329493,0.3602376323702965,0.5752389502845519,1.7395680348148386,2.1332276801864225,0.576495404823287,0.5941275901263992,11.491395078971339,654.2675568741923,0.36133667477783354,0.7407552548688164
41.64210439062972,0.66,136.71978268228807,0.3294457712009054,0.574345267094621,1.5931890558647157,2.2276894516587156,0.5761342494193624,0.5279503317419019,11.88191394872243,820.8096124958681,0.3304540443363753,0.7407528860924125
47.59097644643396,0.66,136.71978268228807,0.3310655800801732,0.5734350466314607,1.6033886694775878,2.2191799099232066,0.5757668261970608,0.5323028089220758,11.857363166160546,809.0053650317883,0.3320820689281978,0.7407505167275865
53.53984850223821,0.66,136.71978268228807,0.3329201300314326,0.5724090042163309,1.6150641727509727,2.2095562680912013,0.5753531532311721,0.5373142378682496,11.829432682740185,795.739064517453,0.33394602990079914,0.7407477926749793
59.48872055804245,0.66,136.71978268228807,0.3350166456818463,0.5712692599252536,1.628260204013975,2.198826799515787,0.5748942606401765,0.5430160915985703,11.798083850807991,781.0536952031126,0.3360531903708007,0.7407447002984417
65.4375926138467,0.66,133.4645497612812,0.3069743000762035,0.5696639558795842,1.4958997570533517,2.2914613430244195,0.5742490275635976,0.4852789504059183,12.185396200251702,969.7396456155293,0.3079295337058264,0.7407401867125775
65.4375926138467,0.66,136.71978268228807,0.33736331151644283,0.570018205707249,1.6430273478284474,2.1870010840568423,0.5743913004958693,0.549444791841056,11.763274188470014,764.9978343688788,0.33841177845858456,0.740741224812949
71.38646466965095,0.66,133.4645497612812,0.30946790170963107,0.5682404191661534,1.5115841597748783,2.277257599038851,0.5736779184762226,0.49171854545282456,12.144445934855419,947.4105538378731,0.3104358132082528,0.7407361187099949
71.38646466965095,0.66,136.71978268228807,0.33996930829170124,0.568658510980976,1.6594223754440407,2.1740901107894124,0.5738455464945045,0.5566421904248096,11.724957591288605,747.6257424232269,0.3410310239147494,0.7407373503607693
77.33533672545519,0.66,133.4645497612812,0.3122214152646943,0.5667069403690866,1.528900306288168,2.261876928465884,0.5730638198979155,0.4988893292659642,12.099696125917188,923.4753275092822,0.3132033380394571,0.7407315984582142
77.33533672545519,0.66,136.71978268228807,0.3428448531036454,0.5671931278274398,1.6775085162294583,2.160106386794452,0.573258393304945,0.5646561241497009,11.683084710430066,728.997582672874,0.3439211984280598,0.7407330600565986
83.28420878125944,0.66,133.4645497612812,0.3152461995203774,0.5650670965102563,1.5479180574443678,2.2453358666944747,0.5724083988087679,0.5068400609038015,12.05109212024385,898.0212581166662,0.3162435273703485,0.7407266108529228
83.28420878125944,0.66,136.71978268228807,0.3460012430137974,0.5656252954859211,1.6973557638448995,2.1450640504070884,0.5726313555239088,0.5735411027437832,11.6376030630359,709.1793108643171,0.34709365952140114,0.7407283361131313
89.23308083706368,0.66,133.4645497612812,0.31855475591874494,0.5633247855771023,1.568714328028942,2.2276530110007764,0.5717134512213297,0.5156260737004685,11.998576949409875,871.1435781536393,0.3195689491642044,0.7407211407224146
95.18195289286793,0.66,133.4645497612812,0.32216078118320873,0.561484228351968,1.5913734642833555,2.2088491576305436,0.57098089937662,0.5253100787660644,11.942091741711195,842.9453717840264,0.32319337312489377,0.740715172744211
101.13082494867217,0.66,133.4645497612812,0.32607922308249654,0.55954996815557,1.615987653361957,2.1889474352626705,0.5702127881714387,0.535963096606534,11.881576323693386,813.5375999916799,0.3271318268187708,0.7407086912985893
107.07969700447642,0.66,133.4645497612812,0.33032633906433845,0.5575268680922374,1.642657258804077,2.1679734325889033,0.569411280462232,0.5476655887111602,11.81696954362052,783.0386873279444,0.3314006546067753,0.7407016811155355
113.02856906028066,0.66,130.20931684027434,0.3055122848905502,0.5543916582325427,1.5274160209522838,2.2432311752589316,0.5681729409228427,0.49637640883826145,12.15944664581764,947.6641376691854,0.3065175701776502,0.7406903206230033
113.02856906028066,0.66,133.4645497612812,0.33491975742969976,0.5554201053924818,1.6714913777617866,2.1459553140660086,0.5685786518217799,0.5605087589625923,11.74821000823291,751.5744570676612,0.3360175793011909,0.740694126403815
118.9774411160849,0.66,130.20931684027434,0.31028928197452627,0.5521151671094795,1.557385709536911,2.2179099779740885,0.5672765944390076,0.5090631830373218,12.081226432055406,906.2149622335737,0.3113190512921036,0.7406817284405419
124.92631317188915,0.66,130.20931684027434,0.31544395619751514,0.5497657501621228,1.589715013533962,2.1915271411789323,0.5663539999009921,0.5229764360181873,11.998452616218218,863.9212383391972,0.3165001771232129,0.740672516882088
130.8751852276934,0.66,130.20931684027434,0.3209987034610635,0.5473500676461632,1.6245377162322407,2.1641255549822778,0.5654079461669401,0.5382358001856941,11.91107137434987,820.974710495934,0.3220834597625311,0.7406627132193734
136.82405728349764,0.66,130.20931684027434,0.32697758717737974,0.5448750478161679,1.6620088726978848,2.135751405112047,0.5644413400536219,0.5549776506283108,11.819031942780155,777.5724395374109,0.32809309704688505,0.7406522676415344
142.7729293393019,0.66,126.95408391926749,0.305083335872768,0.5407699142020332,1.5620598581479288,2.1964382913004594,0.5628439841976816,0.5095472482983816,12.119409992315367,919.0599993631023,0.30614085530849056,0.7406340697300823
148.72180139510613,0.66,126.95408391926749,0.3117765270170381,0.5381070557086894,1.6039681016516267,2.1633312930217135,0.561811698202735,0.5278504675237448,12.010461776136014,863.2054161403153,0.31286858474550583,0.740621687841717
160.61954550671462,0.66,123.69885099826062,0.2997137897625976,0.5307417725228675,1.562722381499086,2.179823189840405,0.558971966097355,0.5085226840762808,12.16444647839586,936.0482843808142,0.3007948334558692,0.7405849400955459
166.56841756251887,0.66,123.69885099826062,0.3077856965218529,0.5279218895912038,1.6131972840332696,2.140960807256028,0.5578906352300613,0.5308255794031519,12.031076411032451,867.175778736619,0.3089085887735828,0.7405698962449875
178.46616167412736,0.66,120.44361807725377,0.30003230688202304,0.5200064780427304,1.5961381739920193,2.139660426350869,0.5548723619563082,0.5222066059543714,12.117553980272557,905.0935019864186,0.3011631443291925,0.7405245718071928
5.948872055804245,0.68,136.71978268228807,0.32436385965329423,0.5772893783122041,1.5611771071193554,2.2550383180010716,0.5773255825986485,0.5144420747229811,11.959901411408321,859.2091846638401,0.3253463828084973,0.7407602477902739
5.948872055804245,0.68,139.97501560329493,0.3563713649303512,0.577292177091525,1.7152104006921902,2.151397101399484,0.5773267171570026,0.5831211147270282,11.54473617319687,676.1759209298087,0.3574508208264007,0.7407603482309065
11.89774411160849,0.68,136.71978268228807,0.324672182834083,0.5771068213922956,1.5631198305051734,2.2533501572228767,0.5772515812434461,0.5152553421599697,11.955127539778278,856.8187269589497,0.3256562671237852,0.7407598046905685
11.89774411160849,0.68,139.97501560329493,0.35669452145331776,0.5771180061119491,1.7172466188789555,2.149860562228856,0.5772561142304051,0.5840356625900023,11.540251502495346,674.3120902452705,0.35777561360239096,0.7407599252675721
17.846616167412737,0.68,136.71978268228807,0.32518735653425235,0.5768029460515652,1.5663657490146967,2.2505378991901206,0.5771284404254761,0.51661602181507,11.947163265804818,852.8423807255388,0.32617404963900104,0.7407590632029969
17.846616167412737,0.68,139.97501560329493,0.3572344172581866,0.5768280726159967,1.7206483825739463,2.147300829653465,0.577138619966974,0.58556578401935,11.532769741933533,671.2116522567901,0.3583182434361174,0.7407592174742978
23.79548822321698,0.68,136.71978268228807,0.3259113398255568,0.5763783332616021,1.5709269705470092,2.2466035798519464,0.5769564524701479,0.5185320269147985,11.93599689804497,847.2918137137693,0.3269016998468129,0.7407580189102249
23.79548822321698,0.68,139.97501560329493,0.3579930109207347,0.5764229052709902,1.7254278334214732,2.1437196701837062,0.5769745004363918,0.5877203636954175,11.522279955806278,666.8835562910589,0.35908067935092586,0.7407582205650097
29.744360279021226,0.68,136.71978268228807,0.32684688835488274,0.5758337997009946,1.5768205237592652,2.2415500914613125,0.5767360269453369,0.5210145619395418,11.921612149638241,840.1834450194128,0.3278419880528742,0.7407566656802198
29.744360279021226,0.68,139.97501560329493,0.3589730567983838,0.5759032470964883,1.731602053264633,2.1391195916856995,0.5767641284210611,0.5905119861519355,11.508766890958254,661.3403895652256,0.3600656904048505,0.7407569285662863
35.693232334825474,0.68,136.71978268228807,0.3279975672886265,0.575170400962743,1.5840684365274755,2.2353812240680964,0.5764676909357237,0.5240782516450644,11.903988220085587,831.5385259010525,0.32899849839034784,0.7407549957809569
35.693232334825474,0.68,139.97501560329493,0.3601781173797524,0.5752700582576988,1.739193148667465,2.1335038777970876,0.5765079836735775,0.5939570855377131,11.492211033729122,654.5984329502045,0.36127685811499805,0.7407553338026303
41.64210439062972,0.68,136.71978268228807,0.32936776795033196,0.574389435519109,1.5926978384585504,2.2281017182477174,0.5761520893423067,0.5277413107580056,11.883099908196991,821.3832470631374,0.3303756455489972,0.7407529999391103
47.59097644643396,0.68,136.71978268228807,0.3309627281438959,0.573492449323964,1.602741085749306,2.219717328540631,0.5757899851675254,0.5320257619820032,11.858917714764633,809.7488192511984,0.33197869520977663,0.7407506674581762
53.53984850223821,0.68,136.71978268228807,0.3327885561486731,0.5724812409054781,1.6142359135339426,2.2102348970208667,0.5753822597411871,0.5369576969957419,11.831408038957804,796.6716449433551,0.3338137881753367,0.740747986308179
59.48872055804245,0.68,136.71978268228807,0.33485225836430405,0.5713578667747449,1.6272256111795567,2.19966243615715,0.5749299128323857,0.5425675993613646,11.80053333271334,782.1934149590712,0.33588796817063843,0.7407449432266353
65.4375926138467,0.68,136.71978268228807,0.3371617705716089,0.5701246469489162,1.6417592247248212,2.1880092200546137,0.5744340625891265,0.5488907272986604,11.766252311680633,766.3612404614851,0.3382092132833679,0.7407415238322824
71.38646466965095,0.68,133.4645497612812,0.3092350070306544,0.5683719524651253,1.5101193875383006,2.2785729852560603,0.5737306463242056,0.49111493145872764,12.148253341557648,949.4693669135008,0.310201734005846,0.7407364998339779
71.38646466965095,0.68,136.71978268228807,0.33972599276103527,0.5687841703610613,1.6578917865085094,2.175285882937708,0.5738959452411162,0.5559675719804921,11.728520156450223,749.2277395757566,0.34078647099569476,0.740737712703357
77.33533672545519,0.68,133.4645497612812,0.31194360438691204,0.5668598712210156,1.5271533879014536,2.26341457957387,0.5731250109519458,0.4981629684123617,12.104189065132209,925.8566948105995,0.31292411297573075,0.7407320555542766
77.33533672545519,0.68,136.71978268228807,0.3425548274615512,0.5673392999037841,1.675684574207127,2.1615045235569936,0.5733169144987481,0.5638443844815586,11.687288879607594,730.8512557420067,0.34362969674210475,0.7407334933988259
83.28420878125944,0.68,133.4645497612812,0.3149183219810244,0.5652426459933555,1.5458568236709416,2.2471113109679797,0.5724785007981399,0.5059744753725466,12.056333007951075,900.7390179484623,0.3159139793154981,0.7407271522820296
83.28420878125944,0.68,136.71978268228807,0.3456592214802333,0.5657931768303702,1.695205402732843,2.1466788139940216,0.5726984405817177,0.5725738299477426,11.642507423848812,711.2957467904206,0.3467498959064471,0.7407288486287964
89.23308083706368,0.68,133.4645497612812,0.3181712699370704,0.5635240568449706,1.5663041971429246,2.2296811562354595,0.5717928595611452,0.5146028804914216,12.00462967126142,874.2086833655376,0.31918350758101044,0.7407217752014275
89.23308083706368,0.68,136.71978268228807,0.3490512109358784,0.564149224216739,1.7165289542683497,2.13082411112847,0.572042108815548,0.5822157112517063,11.594122212273968,690.6310782625342,0.3501591691460172,0.7407237599727197
95.18195289286793,0.68,133.4645497612812,0.3217157130347309,0.5617081970472187,1.5885771847574597,2.2111442127295207,0.5710699537753218,0.5241086856798243,11.949021659838298,846.3656637272367,0.3227460332190881,0.7407159093321408
101.13082494867217,0.68,133.4645497612812,0.3255661241166934,0.559799473069872,1.612765030744256,2.191522827441846,0.5703117694600499,0.5345603474338648,11.889450264723763,817.3175974744455,0.32661610631889093,0.740709539431327
107.07969700447642,0.68,133.4645497612812,0.3297382402721741,0.5578026022259555,1.6389648643059973,2.1708417208529647,0.5695204076952138,0.5460353465204423,11.825855767849722,787.1793945876013,0.33080954807785357,0.7407026505651652
113.02856906028066,0.68,130.20931684027434,0.304866651585343,0.5547070175298183,1.5233649128002384,2.2467204928554407,0.5682972979696476,0.4946767568807168,12.170133243227047,953.4410038877091,0.30586863011550364,0.7406914841673994
113.02856906028066,0.68,133.4645497612812,0.3342491214901632,0.5557226075861921,1.667282236912602,2.149128099827214,0.5686980796952529,0.558621413595572,11.758178164108264,756.0732014928888,0.3353435099199287,0.7406952273095309
118.9774411160849,0.68,130.20931684027434,0.3095555142447731,0.5524584760044499,1.552782766100866,2.221743667947048,0.5674116176107974,0.5071016125979582,12.093145379942188,912.4368509197483,0.31058152078171514,0.7406830455044461
124.92631317188915,0.68,130.20931684027434,0.31461331162774825,0.5501371371429356,1.5845060833260753,2.1957149255942396,0.5664996749144265,0.5207184913816157,12.01167952665527,870.5731330383859,0.31566526793852556,0.7406739958765541
130.8751852276934,0.68,130.20931684027434,0.32006170099598175,0.5477494714916178,1.6186639898073605,2.168675711275586,0.5655641839393118,0.5356420914070176,11.925682600526333,828.0364008441196,0.32114164099895043,0.7406643631050466
136.82405728349764,0.68,130.20931684027434,0.32592394767883026,0.5453022139698331,1.6554064609942485,2.1406706672682025,0.5646079758180993,0.5520029908606245,11.835104286211847,785.0184451603174,0.3270340353034349,0.740654097859213
142.7729293393019,0.68,126.95408391926749,0.3039392839277439,0.5412408929794361,1.554895320669577,2.2022508132479572,0.5630268803180501,0.5064589231662198,12.138322895913085,929.0390212258644,0.3049909044989548,0.7406362091443485
148.72180139510613,0.68,126.95408391926749,0.3104953725763595,0.5386048702855863,1.595947426186766,2.169552492776353,0.5620044520409656,0.5243155923329025,12.031095007459678,873.5728431152351,0.31158081581991237,0.74062403894918
154.67067345091039,0.68,126.95408391926749,0.317539318801342,0.5359337686125802,1.6400396610921955,2.135994995876326,0.5609714243977576,0.543938626750058,11.918900008752706,818.3598527579699,0.3186611481712557,0.7406112304574245
160.61954550671462,0.68,123.69885099826062,0.29816217867067146,0.531306707703527,1.5530185822788194,2.187538845760336,0.5591889927567647,0.5043035963258077,12.190582913634007,950.0351492743235,0.299235184941677,0.740587881948374
166.56841756251887,0.68,123.69885099826062,0.3060570859691015,0.5285095307293983,1.6023891371932806,2.1491082930672354,0.5581157085626324,0.5259987432793299,12.05927897822999,881.3961354465712,0.30717101154980025,0.7405730796153325
178.46616167412736,0.68,120.44361807725377,0.2979479405071764,0.5206479825666482,1.583117533635208,2.1494786417628466,0.5551160621502622,0.5164002898077616,12.152535041109964,923.3299042648083,0.29906792835570833,0.7405284122393674
190.36390578573585,0.68,117.18838515624691,0.2934497891785217,0.5125106071777659,1.583827800632563,2.1358136663528593,0.5520365671852981,0.5158049877192608,12.189975435860118,937.0881439709095,0.2945913273136792,0.7404773172258292
5.948872055804245,0.7000000000000001,136.71978268228807,0.3243623822177138,0.5772902543489192,1.5611677977300658,2.255046416568369,0.5773259377508807,0.5144381796147729,11.9599243003766,859.2206586779221,0.32534489789257,0.740760249910774
5.948872055804245,0.7000000000000001,139.97501560329493,0.35636981634787224,0.5772930128682153,1.7152006428841657,2.1514044725357317,0.5773270559900029,0.5831167345285039,11.544757675596387,676.1848670724676,0.3574492644032921,0.7407603502578194
11.89774411160849,0.7000000000000001,136.71978268228807,0.32466626194560155,0.5771103222319569,1.5630825240481123,2.2533825400159873,0.5772530001831834,0.5152397169755165,11.955219162762857,856.8645566671765,0.32565031625462626,0.7407598132017705
11.89774411160849,0.7000000000000001,139.97501560329493,0.3566883159778452,0.5771213462087351,1.7172075185783398,2.14989003681038,0.5772574680431256,0.5840180915669135,11.540337574796007,674.3478238958592,0.35776937670497566,0.7407599333935472
17.846616167412737,0.7000000000000001,136.71978268228807,0.32517399265837094,0.5768108105182315,1.5662815506480785,2.2506107171829774,0.5771316267783787,0.5165806965767824,11.947369668696638,852.9452482264188,0.32616061808384256,0.7407590824619125
17.846616167412737,0.7000000000000001,139.97501560329493,0.35722041306745433,0.5768355765284852,1.7205601473834617,2.1473671098864275,0.5771416603464595,0.5855260599848201,11.53296363939957,671.2918616716785,0.3583041683227259,0.7407592358485002
23.79548822321698,0.7000000000000001,136.71978268228807,0.3258874773034884,0.5763922835412074,1.5707766385866968,2.246732925359071,0.5769621015059861,0.5184688040933382,11.936364459832522,847.4740667546802,0.32687771645005004,0.7407580533713475
23.79548822321698,0.7000000000000001,139.97501560329493,0.35796801008929136,0.5764362173561639,1.725270323068621,2.143837407396889,0.5769798913643082,0.5876492689236421,11.522625245489076,667.025673346018,0.35905555187734095,0.7407582534639627
29.744360279021226,0.7000000000000001,136.71978268228807,0.3268093924029919,0.5758555345462398,1.576584327629492,2.2417519728953486,0.5767448222228067,0.5209149200368717,11.922187712185405,840.4669597071891,0.32780430211312134,0.7407567199958961
29.744360279021226,0.7000000000000001,139.97501560329493,0.35893378233079304,0.5759239903955947,1.7313546368869297,2.1393033645049253,0.5767725232197544,0.590399938905979,11.509307573991267,661.5614847610238,0.3600262169346047,0.7407569804282615
35.693232334825474,0.7000000000000001,136.71978268228807,0.3279432004471675,0.5752015887643847,1.5837260113495777,2.2356715389429933,0.5764803009365591,0.5239332432074195,11.904819214415536,831.9445660679995,0.3289438559837886,0.7407550748091835
35.693232334825474,0.7000000000000001,139.97501560329493,0.36012118971838974,0.5752998282026577,1.738834558472084,2.133768168864015,0.5765200219418797,0.5937940251256851,11.492991665198005,654.9151081032438,0.36121964190105954,0.7407554092891193
41.64210439062972,0.7000000000000001,136.71978268228807,0.3292931658245006,0.5744317072144406,1.5922280352596494,2.2284962239622286,0.5761691640946146,0.5275414529705283,11.884234476245876,821.9323196117022,0.3303006651411459,0.7407531088002246
47.59097644643396,0.7000000000000001,136.71978268228807,0.33086437428074816,0.5735473911200566,1.6021218162508986,2.2202316105052238,0.5758121528604331,0.5317609177873776,11.860404825524775,810.4605249626,0.33187984239828133,0.7407508115648986
53.53984850223821,0.7000000000000001,136.71978268228807,0.33266275589441874,0.5725503868030575,1.6134439884338525,2.2108843337279787,0.5754101233354272,0.536616944407002,11.833297597977488,797.564524636112,0.33368734940738015,0.7407481713953906
59.48872055804245,0.7000000000000001,136.71978268228807,0.33469511154803067,0.5714426908884175,1.6262365708303097,2.2004621608405013,0.5749640466744009,0.5421390862841047,11.802876283853246,783.2847910252854,0.3357300232800279,0.7407451753862042
65.4375926138467,0.7000000000000001,136.71978268228807,0.33696914286384216,0.5702265556307998,1.6405471610325637,2.1889740786388767,0.5744750090394656,0.5483615087295632,11.76910073011061,767.6670542902751,0.3380156066946908,0.7407418095429722
71.38646466965095,0.7000000000000001,133.4645497612812,0.30901247177684205,0.5684979058058979,1.5087197489368978,2.2798319990672087,0.5737811453351161,0.4905385870398623,12.151894686976044,951.4416830361788,0.3099780670022238,0.7407368637976801
71.38646466965095,0.7000000000000001,136.71978268228807,0.33949348555891756,0.5689044941476479,1.6564291547965617,2.1764303880466858,0.5739442113313159,0.5553234258760433,11.73192733187339,750.762385640686,0.3405527814462326,0.7407380588388143
77.33533672545519,0.7000000000000001,133.4645497612812,0.31167821208841967,0.5670063364357446,1.5254845239303274,2.2648864351255313,0.5731836256945768,0.49746968278090964,12.108485742796567,928.1385587345693,0.312657369819235,0.7407324920236995
77.33533672545519,0.7000000000000001,136.71978268228807,0.34227774615709267,0.5674792853199596,1.6739419935996163,2.162842804426609,0.5733729686342853,0.5630696018766005,11.691309389178729,732.6274142419229,0.3433512053767045,0.7407339073083182
83.28420878125944,0.7000000000000001,133.4645497612812,0.3146051782859456,0.5654108017253094,1.543888161710191,2.248810919092017,0.5725456642710627,0.5051486411681513,12.061344620050189,903.3439401764148,0.31559924031839187,0.7407276692321805
83.28420878125944,0.7000000000000001,136.71978268228807,0.34533254197431573,0.5659539780997673,1.6931514433434443,2.148224562227012,0.5727627093117372,0.571650973957934,11.647197193647177,713.3242156573197,0.34642155260655,0.7407293380181184
89.23308083706368,0.7000000000000001,133.4645497612812,0.31780511251652893,0.5637149706389377,1.564002896567065,2.231622845554516,0.571868955402211,0.5136271089415846,12.010417193814707,877.147428652717,0.318815483114379,0.7407223809293609
89.23308083706368,0.7000000000000001,136.71978268228807,0.34866954426876356,0.5643318949437495,1.7141299090347857,2.132590522330567,0.5721149736925185,0.5811253384604652,11.599538568120371,692.9206087970632,0.34977555696173424,0.7407243331498266
95.18195289286793,0.7000000000000001,133.4645497612812,0.3212908735011207,0.5619228162941893,1.5859078958070114,2.2133416561747734,0.5711553130439994,0.5229635193441151,11.955647506215886,849.6461050183873,0.32231902542128876,0.740716612480689
101.13082494867217,0.7000000000000001,133.4645497612812,0.3250764877466728,0.560038616168176,1.609689638749236,2.193988964615378,0.5704066676225186,0.5332239425467322,11.896978157768896,820.9443767186687,0.326123968595832,0.7407103489705963
107.07969700447642,0.7000000000000001,133.4645497612812,0.3291772034453147,0.5580669500991231,1.6354422171397387,2.173588676821635,0.569625061858811,0.5444830718136723,11.8343508803179,791.153933361521,0.33024564230424613,0.7407035758158959
113.02856906028066,0.7000000000000001,130.20931684027434,0.3042510158734848,0.5550094759835904,1.5195019263977894,2.250062920512673,0.5684166108727918,0.49305937509978476,12.18034919864517,958.9893625989052,0.3052498418461417,0.7406925938324334
113.02856906028066,0.7000000000000001,133.4645497612812,0.33360954677478444,0.5560126957156328,1.6632678536527583,2.152167101125632,0.5688126461332523,0.5568254062271617,11.76770696574517,760.393414902399,0.3347006612712185,0.7406962779251484
118.9774411160849,0.7000000000000001,130.20931684027434,0.3088560759828812,0.5527878426894685,1.548394982152952,2.2254165880204404,0.5675412076940868,0.5052361716642831,12.104538843127198,918.4158278452533,0.3098784964140712,0.7406843020441566
124.92631317188915,0.7000000000000001,130.20931684027434,0.3138218048295873,0.5504935612222999,1.5795423157281445,2.1997278349332077,0.566639538963811,0.5185726545518212,12.024322728600644,876.9690882177807,0.3148696981977124,0.740675407234065
130.8751852276934,0.7000000000000001,130.20931684027434,0.3191691663842636,0.5481329225971393,1.613068678859801,2.1730367491123714,0.5657142477971694,0.5331789473632194,11.93964849989538,834.8307601747621,0.32024451952731275,0.7406659377999105
136.82405728349764,0.7000000000000001,130.20931684027434,0.3249206769982599,0.5457124785240842,1.6491192820979543,2.145386521364958,0.5647680934504968,0.5491802523802964,11.850466410745069,792.1877331843955,0.32602560262548275,0.740655844847729
142.7729293393019,0.7000000000000001,126.95408391926749,0.30285057705218454,0.5416935490584069,1.5480770934718422,2.2078252361713706,0.5632027515016572,0.5035307408555415,12.156401616679457,938.6574364515543,0.3038965854946663,0.7406382505766402
148.72180139510613,0.7000000000000001,126.95408391926749,0.3092766671759362,0.5390835468953326,1.5883172378507453,2.1755205477846524,0.5621898947635259,0.5209669270468759,12.050818352349385,883.5743790528908,0.31035581983003874,0.7406262840261292
154.67067345091039,0.7000000000000001,126.95408391926749,0.3161783134039499,0.5364375381581339,1.6315215459032717,2.1423574816708757,0.5611660239983405,0.54011107090109,11.940342792107772,828.6940808915044,0.317293108855558,0.7406136824613867
160.61954550671462,0.7000000000000001,123.69885099826062,0.2966877573868971,0.5318507142864727,1.5437973257521183,2.1949470984557804,0.5593981053353877,0.5003143740440239,12.215572966395607,963.5617300885403,0.2977531283989661,0.7405906906381323
166.56841756251887,0.7000000000000001,123.69885099826062,0.304415124108829,0.5290757473136241,1.5921221292956833,2.1569341392032055,0.5583327084503599,0.5214396189763738,12.086246596189621,895.1645926964615,0.30552053477230606,0.740576123317954
178.46616167412736,0.7000000000000001,120.44361807725377,0.2959702206307356,0.5212672639157576,1.5707626503147638,2.158920536331969,0.5553514750869356,0.5109283704497998,12.186001291280842,941.0456994840637,0.2970799171642124,0.740532087583654
190.36390578573585,0.7000000000000001,117.18838515624691,0.2910692144728102,0.513168573800485,1.5689688582046926,2.1469781568645323,0.5522846404269007,0.5091751424601798,12.230909579442208,959.0098103555223,0.2921983226902917,0.7404816268219022
5.948872055804245,0.72,139.97501560329493,0.3563683327589106,0.5772938135778397,1.7151912946072418,2.1514115343790463,0.5773273806067709,0.583112538186644,11.54477827565111,676.1934378776418,0.3574477733027731,0.7407603521999154
11.89774411160849,0.72,139.97501560329493,0.3566823710958071,0.5771245462045178,1.7171700602396265,2.1499182747741576,0.5772587650753254,0.5840012587629128,11.540420034234826,674.3820590313981,0.35776340172058585,0.7407599411787497
17.846616167412737,0.72,136.71978268228807,0.32516119057711695,0.576818345284071,1.5662008917148642,2.2506804806841214,0.5771346795802627,0.5165468577759078,11.947567404467264,853.0438053575966,0.3261477511686947,0.7407591008979393
17.846616167412737,0.72,139.97501560329493,0.3572069975397464,0.5768427658421751,1.7204756210350023,2.1474306098216047,0.5771445732864317,0.5854880074752534,11.53314939489007,671.3687100628438,0.35829068485385307,0.7407592534546728
23.79548822321698,0.72,136.71978268228807,0.32586461934232175,0.5764056494100359,1.570632634888986,2.2468568467243224,0.5769675139841893,0.5184082473734033,11.936716578827495,847.6486915542118,0.32685474270358017,0.7407580863779539
23.79548822321698,0.72,139.97501560329493,0.3579440615828488,0.5764489717232917,1.725119442253787,2.1439502071200547,0.5769850565216705,0.5875811721921164,11.522956028191583,667.1618418105909,0.35903148206020524,0.7407582849746622
29.744360279021226,0.72,136.71978268228807,0.32677347781348814,0.5758763597268619,1.5763580919309048,2.2419453914682945,0.5767532496207641,0.5208194917521184,11.922739076247243,840.7386252025218,0.3277682055503609,0.7407567720125703
29.744360279021226,0.72,139.97501560329493,0.35889616385060186,0.5759438654236538,1.731117651917809,2.1394794332114278,0.5767805668373194,0.5902926298312197,11.509825525102828,661.77333888558,0.35998840784476294,0.7407570300980708
35.693232334825474,0.72,136.71978268228807,0.32789113154223154,0.5752314727985138,1.5833980575511923,2.235949689435449,0.5764923842590065,0.52379438775596,11.905615242025274,832.3336672279397,0.32889152316531023,0.7407551504879939
35.693232334825474,0.72,139.97501560329493,0.3600666674368333,0.5753283534307082,1.7384911183337135,2.134021385185345,0.5765315573019868,0.5936378836297191,11.49373944923884,655.2185709720638,0.36116484326374854,0.74075548157072
41.64210439062972,0.72,136.71978268228807,0.3292217250938247,0.5744722142850851,1.5917781370997657,2.228874208943746,0.5761855269188527,0.5273501097530742,11.88532125768522,822.4585368771241,0.3302288621665625,0.7407532130282048
47.59097644643396,0.72,136.71978268228807,0.3307702007016831,0.5736000431868654,1.6015288609546998,2.2207243704168174,0.5758333981393188,0.531507409360844,11.86182923281505,811.1426835285539,0.33178519109066557,0.7407509495106626
53.53984850223821,0.72,136.71978268228807,0.3325423202934404,0.5726166565511118,1.6126858243163318,2.2115066140459554,0.5754368301962911,0.5362908536763482,11.835107388636864,798.4204493800255,0.33356630254290826,0.7407483485379138
59.48872055804245,0.72,136.71978268228807,0.33454469086938304,0.5715239944859818,1.6252898478180304,2.201228476058085,0.5749967672207975,0.5417291202514587,11.805120197444147,784.3311570824536,0.33557883871852145,0.7407453975446144
65.4375926138467,0.72,136.71978268228807,0.3367847932040622,0.5703242453019588,1.6393871630301426,2.189898672784383,0.5745142651656198,0.5478553459106223,11.771828576631066,768.9192337414255,0.3378303202688225,0.7407420828879017
71.38646466965095,0.72,136.71978268228807,0.33927101382900904,0.5690198505774833,1.6550296227193975,2.1775271915179486,0.5739904915622657,0.5547075439716201,11.735190071039007,752.2342909714681,0.34032917847013755,0.7407383899344118
77.33533672545519,0.72,136.71978268228807,0.3420126802383398,0.5676135099228793,1.672274937756311,2.164125386992991,0.5734267250078788,0.562329081638169,11.695159200096487,734.3313403986446,0.34308479063884567,0.7407343031294454
83.28420878125944,0.72,133.4645497612812,0.3143057055510827,0.5655720705822924,1.5420053969196363,2.2504399484201203,0.5726100899425577,0.5043596403385301,12.066143151889577,905.8436673382654,0.31529824206161844,0.7407281634653898
83.28420878125944,0.72,136.71978268228807,0.34502009923936694,0.5661081851956169,1.6911869435895568,2.1497060821332514,0.5728243543215528,0.5707692743265926,11.65168753378383,715.2706812731169,0.34610751871710727,0.7407298059557649
89.23308083706368,0.72,133.4645497612812,0.3174550283260539,0.56389809788815,1.5618025468347192,2.2334840621564407,0.5719419641028407,0.5126952530167873,12.015958269937633,879.9683205600559,0.31846361400815937,0.7407229599859037
89.23308083706368,0.72,136.71978268228807,0.34830459834692906,0.5645071039012213,1.7118359007303747,2.1342836715306905,0.5721848773131037,0.5800840531102186,11.604724074981213,695.1180632079875,0.34940875093175927,0.7407248810802066
95.18195289286793,0.72,133.4645497612812,0.3208847907177232,0.5621287222853861,1.583356363157857,2.2154482299045464,0.5712372274662199,0.5218703957388224,11.961990751001796,852.7959832274557,0.32191087032369764,0.7407172845994389
101.13082494867217,0.72,133.4645497612812,0.3246085990082105,0.560268099464298,1.6067507228113878,2.196353376106629,0.5704977578827642,0.5319488983138144,11.904184522460081,824.4281015356407,0.325653689884383,0.7407111227218172
107.07969700447642,0.72,133.4645497612812,0.32864124121758964,0.5583206794194122,1.6320768595626476,2.176222641141387,0.569725542856532,0.5430028563352031,11.842482619764954,794.9732293534838,0.32970693970606235,0.7407044600717282
113.02856906028066,0.72,133.4645497612812,0.3329987412044123,0.5562912023432405,1.6594338654936216,2.15508148871607,0.568922675177903,0.5551137505495157,11.776827600705111,764.5467190494822,0.33408672947831536,0.740697281896965
118.9774411160849,0.72,130.20931684027434,0.3081884151044623,0.5531041938372508,1.5442063790583105,2.2289397054319746,0.5676657233235555,0.5034594367360435,12.11544410879763,924.1674708686697,0.3092074129420402,0.7406855024006089
118.9774411160849,0.72,133.4645497612812,0.3376984147876154,0.5541846917557443,1.6889290399958004,2.132957803827299,0.5680913472875604,0.5683738215165096,11.70716151177196,733.2698940256192,0.33881046799630304,0.7406895733840351
124.92631317188915,0.72,130.20931684027434,0.3130665112377655,0.5508360100711709,1.5748054087946375,2.203577753607667,0.5667739727850797,0.5165301786183004,12.03642365740405,883.1252978398261,0.31411052822936514,0.7406767558213948
130.8751852276934,0.72,130.20931684027434,0.3183177594602204,0.5485014660371972,1.6077308891154152,2.177221467144739,0.5658585389923824,0.5308360694643856,11.953014894699042,841.3744482311505,0.3193887379024665,0.740667442704228
136.82405728349764,0.72,130.20931684027434,0.3239639719380498,0.5461069396027809,1.6431235516973768,2.149912669647602,0.5649221128530365,0.5464973244819835,11.86516863795082,799.0971383406235,0.3250639761077536,0.7406575145874406
142.7729293393019,0.72,126.95408391926749,0.3018130010302346,0.5421290552524777,1.5415788549792222,2.2131774645705224,0.5633720433235639,0.5007497767442779,12.173705236181721,947.936730345714,0.30285366220289517,0.7406402007927032
148.72180139510613,0.72,126.95408391926749,0.30811563047299445,0.5395442976667143,1.5810476850189197,2.1812522662157208,0.562368484949829,0.5177892530234531,12.069696214640043,893.2313189129272,0.3091887915755085,0.7406284304620535
154.67067345091039,0.72,126.95408391926749,0.31488219639254583,0.5369226776360378,1.623409004847005,2.148469794267744,0.561353527502868,0.5364821782073025,11.960866709127375,838.6812403895768,0.3159902948210058,0.7406160278240698
166.56841756251887,0.72,123.69885099826062,0.3028530512702447,0.529621833104348,1.5823541195781354,2.1644591269355162,0.5585421169902333,0.5171254203787824,12.11206598551161,908.5047018403243,0.3039503634506174,0.740579036600835
178.46616167412736,0.72,120.44361807725377,0.29409071636418227,0.5218656029556762,1.559021083414547,2.1680097887854726,0.5555790732832117,0.5057615302352071,12.218057975261308,958.2648584290527,0.29519063572812876,0.7405356075476187
202.26164989734434,0.72,113.93315223524006,0.28729189136148064,0.50563257113717,1.5717637765309742,2.132754387540344,0.5494531909950668,0.5095967568091573,12.260078393993357,969.0039626549444,0.2884431344184695,0.7404300339498968
5.948872055804245,0.74,139.97501560329493,0.3563669097409711,0.5772945816059977,1.7151823279947171,2.151418307971508,0.5773276919744137,0.5831085131897579,11.544798034755743,676.201658879923,0.3574463430799565,0.7407603540594895
11.89774411160849,0.74,139.97501560329493,0.356676669066993,0.5771276156281321,1.7171341320845892,2.14994536024359,0.5772600091885886,0.583985113904721,11.540499126672715,674.4148975542872,0.35775767081917514,0.7407599486468563
17.846616167412737,0.74,139.97501560329493,0.3571941305707414,0.5768496619459632,1.720394550858111,2.1474915185667136,0.5771473674497768,0.585451512520556,11.533327562648724,671.4424258464719,0.3582777527220395,0.740759270336739
23.79548822321698,0.74,139.97501560329493,0.3579210936329967,0.5764612062697657,1.7249747388608758,2.1440584051166343,0.576990011245215,0.5875158687374038,11.52327329185697,667.2924656005473,0.3590083977674576,0.740758315193613
29.744360279021226,0.74,139.97501560329493,0.35886008826691496,0.5759629311384581,1.7308903860146967,2.1396483215619724,0.5767882831088262,0.5901897346075633,11.510322293197403,661.9765787082268,0.3599521494711382,0.7407570777254607
35.693232334825474,0.74,139.97501560329493,0.3600143859966484,0.575355718386551,1.7381617920031336,2.1342642794035367,0.5765426238498801,0.5934881861945845,11.494456625453063,655.5097163912236,0.3611122968300719,0.7407555508731167
47.59097644643396,0.74,136.71978268228807,0.3306799201452074,0.5736505604633327,1.6009604119303598,2.221197069369056,0.5758537833455222,0.531264453404806,11.863195218630532,811.797288161727,0.33169445256654423,0.7407510817242653
53.53984850223821,0.74,136.71978268228807,0.3324268797432782,0.5726802444690383,1.6119590957177807,2.212103580365854,0.5754624583567532,0.5359784074823272,11.836842863271821,799.241905896953,0.33345027610089756,0.7407485182922626
59.48872055804245,0.74,136.71978268228807,0.33440053160233607,0.5716020149983816,1.6243825191253676,2.2019636466820356,0.5750281696104141,0.5413364084075193,11.807271849585472,785.3355330864933,0.33543394739597554,0.7407456103935466
65.4375926138467,0.74,136.71978268228807,0.3366081478608757,0.5704179999231632,1.6382756233083928,2.190785729605375,0.5745519444826047,0.5473706234602925,11.774444109332038,770.1213653338456,0.3376527773529192,0.7407423447307862
71.38646466965095,0.74,136.71978268228807,0.339057879702625,0.5691305732089649,1.6536888038706405,2.1785795208002092,0.57403491893692,0.5541179348182066,11.738318277335221,753.6476348499618,0.3401149606414464,0.7407387070379968
77.33533672545519,0.74,136.71978268228807,0.34175879115605545,0.5677423595479593,1.6706781378636195,2.1653560351939345,0.5734783370494708,0.5616203948902516,11.698850029646241,735.9678245106401,0.34282960970006854,0.7407346821412221
83.28420878125944,0.74,136.71978268228807,0.3447208959186861,0.566256238483664,1.6893056389019394,2.1511277080650255,0.5728835502209041,0.5699257940607713,11.65599214947935,717.1405545790157,0.34580679178552565,0.74073025394645
89.23308083706368,0.74,136.71978268228807,0.3479551971115341,0.5646753477756804,1.7096395444943977,2.1359084948800193,0.5722520160207002,0.5790882960890347,11.60969489973272,697.2297474976127,0.34905756898026863,0.74072540554712
95.18195289286793,0.74,133.4645497612812,0.32049613768225305,0.5623264920407923,1.5809142609408264,2.217470040749654,0.571315924134428,0.5208255437497702,11.968070877781765,855.823826551239,0.32152023412431885,0.7407179278715387
101.13082494867217,0.74,133.4645497612812,0.32416091234997146,0.5604885599300244,1.6039385710761827,2.1986228835528037,0.570585290028842,0.530730735169702,11.911091518674667,827.7780119865639,0.32520371668719694,0.7407118633263853
107.07969700447642,0.74,133.4645497612812,0.32812856329058665,0.5585644870716936,1.6288575687255082,2.1787511721354558,0.5698221230522504,0.5415893938556536,11.850276053613971,798.6472233867856,0.32919164078583124,0.7407053062231397
113.02856906028066,0.74,133.4645497612812,0.3324146408641494,0.5565588835915369,1.655767339094403,2.1578795753815525,0.5690284612689944,0.5534801777802367,11.785568251307328,768.5436977861865,0.3334996400053841,0.7406982425243722
118.9774411160849,0.74,133.4645497612812,0.3370359456653794,0.5544766362688388,1.684771974329657,2.136035106468,0.5682064405690934,0.5664920432488612,11.716911321066304,737.5855185160539,0.3381446051326239,0.7406906576169797
124.92631317188915,0.74,130.20931684027434,0.3123448003324075,0.5511653819734568,1.570278899616607,2.207275462965821,0.5669033228626889,0.5145832300755543,12.048019757977004,889.0565482581213,0.31338511392935714,0.740678046021495
130.8751852276934,0.74,130.20931684027434,0.3175044772632732,0.5488560529525756,1.6026318346360293,2.1812414806821523,0.5659974229429044,0.5286042446024979,11.965823194068648,847.6826978376127,0.31857127763269494,0.7406688826808457
136.82405728349764,0.74,130.20931684027434,0.32305041481599406,0.5464865973698588,1.637397895700459,2.1542615528638356,0.5650704167280448,0.5439433742442296,11.879256556666864,805.7621915411472,0.32414572036309824,0.7406591124805585
148.72180139510613,0.74,126.95408391926749,0.3070079718133909,0.5399882291029354,1.5741119732163593,2.1867629293008735,0.562540641533502,0.5147690046625316,12.0877868183363,902.5632551380869,0.3080754180977019,0.7406304849431136
154.67067345091039,0.74,126.95408391926749,0.31364611479113796,0.5373903241919095,1.6156717353477206,2.1543480062945424,0.5615343636362483,0.5330359793411255,11.980534992929531,848.340561002506,0.31474782782055416,0.7406182738038987
166.56841756251887,0.74,123.69885099826062,0.3013648100659856,0.5301489740084999,1.573047526822002,2.171702195846839,0.5587443775918082,0.5130359240710671,12.13681560871651,921.4383465262787,0.3024544087176054,0.7405818264752385
172.5172896183231,0.74,123.69885099826062,0.3093204003189378,0.5274072852548252,1.622792435014563,2.1338043802834985,0.5576936503065367,0.5351344751259461,12.006197003917505,854.7812559028056,0.31045125541469193,0.7405670881990163
184.4150337299316,0.74,120.44361807725377,0.3012233796863364,0.5196449354200888,1.6035783091807878,2.1341100211785973,0.5547350875258978,0.5255428023006673,12.097696268562025,894.8679104998986,0.302360418392344,0.7405223929024782
5.948872055804245,0.76,139.97501560329493,0.35636554328170045,0.5772953191170915,1.7151737177638804,2.151424812404066,0.5773279909703675,0.5831046481865847,11.544817008611567,676.2095532448975,0.35744496970217327,0.7407603558476238
11.89774411160849,0.76,139.97501560329493,0.356671193797048,0.5771305631250497,1.7170996327066324,2.149971369542238,0.5772612038865363,0.5839696113846002,11.540575075167697,674.4464319190956,0.3577521678248881,0.7407599558186616
17.846616167412737,0.76,139.97501560329493,0.3571817757791808,0.5768562842465479,1.7203167076402341,2.1475500076977383,0.5771500506966687,0.5854164717382341,11.533498645501401,671.51321627827,0.3582653353617493,0.7407592865460823
23.79548822321698,0.76,139.97501560329493,0.35789904113981685,0.576472955382482,1.724835802780822,2.1441623060277117,0.5769947694513653,0.5874531728453277,11.523577932743514,667.4179112435538,0.3589862335693215,0.7407583442059757
29.744360279021226,0.76,139.97501560329493,0.3588254530087999,0.5759812410397247,1.73067219309563,2.1398105047770657,0.5767956936636449,0.5900909591419926,11.510799283370629,662.1717730281894,0.3599173387228442,0.7407571234428925
35.693232334825474,0.76,139.97501560329493,0.3599641961861875,0.5753819997031925,1.7378456397519102,2.134497534434917,0.5765532525291847,0.5933445023216828,11.495145225392916,655.7893565349241,0.3610618526315814,0.740755617386603
65.4375926138467,0.76,136.71978268228807,0.33643868713318764,0.570508077365553,1.6372092740957225,2.191637724317395,0.5745881500951969,0.5469058795335621,11.776954816317689,771.2767079325976,0.33748245559976164,0.7407425958570104
71.38646466965095,0.76,136.71978268228807,0.33885345121431815,0.5692369650152102,1.6524027259632155,2.179590305505463,0.57407761428908,0.5535527971426952,11.741320929946918,755.0062160304014,0.3399094927736602,0.740739011104066
77.33533672545519,0.76,136.71978268228807,0.3415153197837202,0.5678661847318969,1.6691468239936496,2.166538165996216,0.5735279441873776,0.5609413459024009,11.702392500653609,737.5412224250247,0.3425848995603454,0.7407350455034535
83.28420878125944,0.76,136.71978268228807,0.344434029415004,0.5663985381448112,1.6875018597378983,2.1524933753174613,0.5729404557313577,0.5691178796655472,11.660123464651164,718.93875798099,0.3455184646033783,0.7407306833514619
89.23308083706368,0.76,136.71978268228807,0.3476202766081666,0.5648370780588787,1.7075341592184174,2.1374694747131646,0.5723165683506333,0.578134899037754,11.614465282992363,699.2610151260452,0.3487209417102041,0.7407259081624321
107.07969700447642,0.76,133.4645497612812,0.3276375521142278,0.5587990073220608,1.625774204179882,2.1811811377702344,0.5699150504475083,0.5402379040435765,11.857753899345305,802.1849830302955,0.3286981196835517,0.7407061168852932
113.02856906028066,0.76,133.4645497612812,0.3318553817549421,0.5568164279590534,1.6522565933604054,2.160568916552501,0.5691302726434679,0.5519190452949291,11.793954456333848,772.394013663849,0.33293751926316173,0.7406991627781294
118.9774411160849,0.76,133.4645497612812,0.3364018339664155,0.554757596084702,1.680792677015207,2.138993210940894,0.5683172402467066,0.564694721041224,11.726265225589337,741.7446275141592,0.33750724543147487,0.7406916961955223
130.8751852276934,0.76,130.20931684027434,0.3167266118002543,0.5491975511727905,1.597754573797455,2.185107358947651,0.5661312332629366,0.5264752037508839,11.97811092467101,853.7694687942337,0.3177894167225962,0.7406702621607628
136.82405728349764,0.76,130.20931684027434,0.3221769250155931,0.5468523650294389,1.6319230473099398,2.15844449600236,0.5652133547305147,0.5415086896951705,11.89277148149262,812.1971468617053,0.32326773882050763,0.7406606434208194
142.7729293393019,0.76,130.20931684027434,0.328027224112476,0.5444532199712725,1.6685857913218067,2.130884418990927,0.564276864884964,0.5579514889714589,11.803082063222122,770.2380617775353,0.3291481367322035,0.7406504489735839
154.67067345091039,0.76,126.95408391926749,0.3124657011970689,0.5378415193426759,1.608282466526762,2.160006775991319,0.5617089253697342,0.5297582099590664,11.999404973290792,857.6898095181174,0.31356131771624657,0.7406204269887879
172.5172896183231,0.76,123.69885099826062,0.3077439395347762,0.5279359840967579,1.6129362065156851,2.1411565302550843,0.5578960319547481,0.530708650751983,12.031755429218263,867.516022485823,0.30886661515561425,0.7405699728872174
184.4150337299316,0.76,120.44361807725377,0.29933429172434944,0.5202200473548287,1.5917778689285755,2.1429333685382557,0.5549534764275897,0.520257659071864,12.129235670847466,911.1516540131438,0.30046149547714257,0.740525854044777
196.3127778415401,0.76,117.18838515624691,0.29444032578021984,0.5122407010894805,1.590010442633558,2.1312192341924225,0.5519348535777211,0.518579285529628,12.173061284732606,928.14584197007,0.29558703709722506,0.740475537726735
5.948872055804245,0.78,139.97501560329493,0.35636422973124454,0.5772960280800155,1.7151654409172694,2.1514310650431354,0.5773282783928121,0.5831009328514751,11.544835247887988,676.2171420443933,0.3574436495010899,0.7407603575652324
11.89774411160849,0.78,139.97501560329493,0.3566659306462247,0.5771333965599569,1.7170664698629965,2.1499963720996735,0.5772623523563926,0.5839547097180604,11.540648082623997,674.4767462360193,0.3577468780238423,0.7407599627105839
17.846616167412737,0.78,139.97501560329493,0.3571699000740102,0.5768626503985406,1.7202418828952561,2.147606233294815,0.5771526301777423,0.5853827911016939,11.533663100830745,671.5812699085177,0.3582533995143157,0.7407593021283573
23.79548822321698,0.78,139.97501560329493,0.3578778448959788,0.5764842503452066,1.7247022610248526,2.144262186985592,0.5769993438010131,0.5873929156321557,11.523870766080892,667.5385122071788,0.35896492995846874,0.7407583720882445
29.744360279021226,0.78,139.97501560329493,0.3587921648000421,0.5759988438021306,1.7304624856220805,2.139966415175201,0.5768028181811786,0.5899960360421562,11.5112577736305,662.3594393965761,0.3598838818508368,0.7407571673772386
35.693232334825474,0.78,139.97501560329493,0.3599159623333637,0.5754072671073593,1.7375418071173334,2.134721771561609,0.5765634714963667,0.5932064406840609,11.49580709676365,656.0582304885733,0.36101337430807917,0.7407556813035521
83.28420878125944,0.78,136.71978268228807,0.344158680650769,0.5665354487763373,1.685770461016822,2.1538066661802535,0.5729952155010437,0.5683431270421524,11.664092771772088,720.6697807440001,0.34524171390913383,0.7407310954092806
89.23308083706368,0.78,136.71978268228807,0.3472988716525754,0.5649927062092637,1.705513683855807,2.1389706918504983,0.5723786970582785,0.5772209785979007,11.619048300752418,701.2168755232611,0.3483978990006102,0.7407263903846151
113.02856906028066,0.78,133.4645497612812,0.33131927569028363,0.5570644639223485,1.6488910484961614,2.1631563968593133,0.5692283542685652,0.5504252733770633,11.8020092783388,776.1063623883268,0.3323986703811762,0.7407000453729556
118.9774411160849,0.78,133.4645497612812,0.33579414328578827,0.5550282484831127,1.6769790162738956,2.1418396413404195,0.5684240093420938,0.5629758591051274,11.735249166119992,745.7565581660708,0.3368964425115274,0.7406926921761829
142.7729293393019,0.78,130.20931684027434,0.32709121983624323,0.5448292030191864,1.662720903102974,2.1352228986463944,0.5644234609207401,0.555299090188459,11.81730226910549,776.774426775083,0.32820731454914726,0.7406520705344058
160.61954550671462,0.78,126.95408391926749,0.31819526822176186,0.5356930132080752,1.644144841005091,2.1329487155760605,0.5608784611813104,0.5457896035916435,11.90860484602526,813.434272851829,0.31932048823982273,0.7406100526506589
35.693232334825474,0.8,139.97501560329493,0.35986956076663373,0.5754315841998473,1.7372495152101406,2.134937557404421,0.5765733064355082,0.5930736446630821,11.496443924271944,656.3170124939717,0.36096673756078895,0.7407557427747316
